DistanceOrColor,RED000,0,RED
DistanceOrColor,RED001,10,RED
DistanceOrColor,RED002,20,RED
DistanceOrColor,RED003,30,RED
DistanceOrColor,RED004,40,RED
DistanceOrColor,RED005,50,RED
DistanceOrColor,RED006,60,RED
DistanceOrColor,RED007,70,RED
DistanceOrColor,RED008,80,RED
DistanceOrColor,RED009,90,RED
DistanceOrColor,RED010,100,RED
DistanceOrColor,RED011,110,RED
DistanceOrColor,RED012,120,RED
DistanceOrColor,RED013,130,RED
DistanceOrColor,RED014,140,RED
DistanceOrColor,RED015,150,RED
DistanceOrColor,RED016,160,RED
DistanceOrColor,RED017,170,RED
DistanceOrColor,RED018,180,RED
DistanceOrColor,RED019,190,RED
DistanceOrColor,RED020,200,RED
DistanceOrColor,RED021,210,RED
DistanceOrColor,RED022,220,RED
DistanceOrColor,RED023,230,RED
DistanceOrColor,RED024,240,RED
DistanceOrColor,RED025,250,RED
DistanceOrColor,RED026,260,RED
DistanceOrColor,RED027,270,RED
DistanceOrColor,RED028,280,RED
DistanceOrColor,RED029,290,RED
DistanceOrColor,RED030,300,RED
DistanceOrColor,RED031,310,RED
DistanceOrColor,RED032,320,RED
DistanceOrColor,RED033,330,RED
DistanceOrColor,RED034,340,RED
DistanceOrColor,RED035,350,RED
DistanceOrColor,RED036,360,RED
DistanceOrColor,RED037,370,RED
DistanceOrColor,RED038,380,RED
DistanceOrColor,RED039,390,RED
DistanceOrColor,RED040,400,RED
DistanceOrColor,RED041,410,RED
DistanceOrColor,RED042,420,RED
DistanceOrColor,RED043,430,RED
DistanceOrColor,RED044,440,RED
DistanceOrColor,RED045,450,RED
DistanceOrColor,RED046,460,RED
DistanceOrColor,RED047,470,RED
DistanceOrColor,RED048,480,RED
DistanceOrColor,RED049,490,RED
DistanceOrColor,RED050,500,RED
DistanceOrColor,RED051,510,RED
DistanceOrColor,RED052,520,RED
DistanceOrColor,RED053,530,RED
DistanceOrColor,RED054,540,RED
DistanceOrColor,RED055,550,RED
DistanceOrColor,RED056,560,RED
DistanceOrColor,RED057,570,RED
DistanceOrColor,RED058,580,RED
DistanceOrColor,RED059,590,RED
DistanceOrColor,RED060,600,RED
DistanceOrColor,RED061,610,RED
DistanceOrColor,RED062,620,RED
DistanceOrColor,RED063,630,RED
DistanceOrColor,RED064,640,RED
DistanceOrColor,RED065,650,RED
DistanceOrColor,RED066,660,RED
DistanceOrColor,RED067,670,RED
DistanceOrColor,RED068,680,RED
DistanceOrColor,RED069,690,RED
DistanceOrColor,RED070,700,RED
DistanceOrColor,RED071,710,RED
DistanceOrColor,RED072,720,RED
DistanceOrColor,RED073,730,RED
DistanceOrColor,RED074,740,RED
DistanceOrColor,RED075,750,RED
DistanceOrColor,RED076,760,RED
DistanceOrColor,RED077,770,RED
DistanceOrColor,RED078,780,RED
DistanceOrColor,RED079,790,RED
DistanceOrColor,RED080,800,RED
DistanceOrColor,RED081,810,RED
DistanceOrColor,RED082,820,RED
DistanceOrColor,RED083,830,RED
DistanceOrColor,RED084,840,RED
DistanceOrColor,RED085,850,RED
DistanceOrColor,RED086,860,RED
DistanceOrColor,RED087,870,RED
DistanceOrColor,RED088,880,RED
DistanceOrColor,RED089,890,RED
DistanceOrColor,RED090,900,RED
DistanceOrColor,RED091,910,RED
DistanceOrColor,RED092,920,RED
DistanceOrColor,RED093,930,RED
DistanceOrColor,RED094,940,RED
DistanceOrColor,RED095,950,RED
DistanceOrColor,RED096,960,RED
DistanceOrColor,RED097,970,RED
DistanceOrColor,RED098,980,RED
DistanceOrColor,RED099,990,RED
DistanceOrColor,RED100,1000,RED
DistanceOrColor,RED101,1010,RED
DistanceOrColor,RED102,1020,RED
DistanceOrColor,RED103,1030,RED
DistanceOrColor,RED104,1040,RED
DistanceOrColor,RED105,1050,RED
DistanceOrColor,RED106,1060,RED
DistanceOrColor,RED107,1070,RED
DistanceOrColor,RED108,1080,RED
DistanceOrColor,RED109,1090,RED
DistanceOrColor,RED110,1100,RED
DistanceOrColor,RED111,1110,RED
DistanceOrColor,RED112,1120,RED
DistanceOrColor,RED113,1130,RED
DistanceOrColor,RED114,1140,RED
DistanceOrColor,RED115,1150,RED
DistanceOrColor,RED116,1160,RED
DistanceOrColor,RED117,1170,RED
DistanceOrColor,RED118,1180,RED
DistanceOrColor,RED119,1190,RED
DistanceOrColor,RED120,1200,RED
DistanceOrColor,RED121,1210,RED
DistanceOrColor,RED122,1220,RED
DistanceOrColor,RED123,1230,RED
DistanceOrColor,RED124,1240,RED
DistanceOrColor,RED125,1250,RED
DistanceOrColor,RED126,1260,RED
DistanceOrColor,RED127,1270,RED
DistanceOrColor,RED128,1280,RED
DistanceOrColor,RED129,1290,RED
DistanceOrColor,RED130,1300,RED
DistanceOrColor,RED131,1310,RED
DistanceOrColor,RED132,1320,RED
DistanceOrColor,RED133,1330,RED
DistanceOrColor,RED134,1340,RED
DistanceOrColor,RED135,1350,RED
DistanceOrColor,RED136,1360,RED
DistanceOrColor,RED137,1370,RED
DistanceOrColor,RED138,1380,RED
DistanceOrColor,RED139,1390,RED
DistanceOrColor,RED140,1400,RED
DistanceOrColor,RED141,1410,RED
DistanceOrColor,RED142,1420,RED
DistanceOrColor,RED143,1430,RED
DistanceOrColor,RED144,1440,RED
DistanceOrColor,RED145,1450,RED
DistanceOrColor,RED146,1460,RED
DistanceOrColor,RED147,1470,RED
DistanceOrColor,RED148,1480,RED
DistanceOrColor,RED149,1490,RED
DistanceOrColor,RED150,1500,RED
DistanceOrColor,RED151,1510,RED
DistanceOrColor,RED152,1520,RED
DistanceOrColor,RED153,1530,RED
DistanceOrColor,RED154,1540,RED
DistanceOrColor,RED155,1550,RED
DistanceOrColor,RED156,1560,RED
DistanceOrColor,RED157,1570,RED
DistanceOrColor,RED158,1580,RED
DistanceOrColor,RED159,1590,RED
DistanceOrColor,RED160,1600,RED
DistanceOrColor,RED161,1610,RED
DistanceOrColor,RED162,1620,RED
DistanceOrColor,RED163,1630,RED
DistanceOrColor,RED164,1640,RED
DistanceOrColor,RED165,1650,RED
DistanceOrColor,RED166,1660,RED
DistanceOrColor,RED167,1670,RED
DistanceOrColor,RED168,1680,RED
DistanceOrColor,RED169,1690,RED
DistanceOrColor,RED170,1700,RED
DistanceOrColor,RED171,1710,RED
DistanceOrColor,RED172,1720,RED
DistanceOrColor,RED173,1730,RED
DistanceOrColor,RED174,1740,RED
DistanceOrColor,RED175,1750,RED
DistanceOrColor,RED176,1760,RED
DistanceOrColor,RED177,1770,RED
DistanceOrColor,RED178,1780,RED
DistanceOrColor,RED179,1790,RED
DistanceOrColor,RED180,1800,RED
DistanceOrColor,RED181,1810,RED
DistanceOrColor,RED182,1820,RED
DistanceOrColor,RED183,1830,RED
DistanceOrColor,RED184,1840,RED
DistanceOrColor,RED185,1850,RED
DistanceOrColor,RED186,1860,RED
DistanceOrColor,RED187,1870,RED
DistanceOrColor,RED188,1880,RED
DistanceOrColor,RED189,1890,RED
DistanceOrColor,RED190,1900,RED
DistanceOrColor,RED191,1910,RED
DistanceOrColor,RED192,1920,RED
DistanceOrColor,RED193,1930,RED
DistanceOrColor,RED194,1940,RED
DistanceOrColor,RED195,1950,RED
DistanceOrColor,RED196,1960,RED
DistanceOrColor,RED197,1970,RED
DistanceOrColor,RED198,1980,RED
DistanceOrColor,RED199,1990,RED
DistanceOrColor,RED200,2000,RED
DistanceOrColor,RED201,2010,RED
DistanceOrColor,RED202,2020,RED
DistanceOrColor,RED203,2030,RED
DistanceOrColor,RED204,2040,RED
DistanceOrColor,RED205,2050,RED
DistanceOrColor,RED206,2060,RED
DistanceOrColor,RED207,2070,RED
DistanceOrColor,RED208,2080,RED
DistanceOrColor,RED209,2090,RED
DistanceOrColor,RED210,2100,RED
DistanceOrColor,RED211,2110,RED
DistanceOrColor,RED212,2120,RED
DistanceOrColor,RED213,2130,RED
DistanceOrColor,RED214,2140,RED
DistanceOrColor,RED215,2150,RED
DistanceOrColor,RED216,2160,RED
DistanceOrColor,RED217,2170,RED
DistanceOrColor,RED218,2180,RED
DistanceOrColor,RED219,2190,RED
DistanceOrColor,RED220,2200,RED
DistanceOrColor,RED221,2210,RED
DistanceOrColor,RED222,2220,RED
DistanceOrColor,RED223,2230,RED
DistanceOrColor,RED224,2240,RED
DistanceOrColor,RED225,2250,RED
DistanceOrColor,RED226,2260,RED
DistanceOrColor,RED227,2270,RED
DistanceOrColor,RED228,2280,RED
DistanceOrColor,RED229,2290,RED
DistanceOrColor,RED230,2300,RED
DistanceOrColor,RED231,2310,RED
DistanceOrColor,RED232,2320,RED
DistanceOrColor,RED233,2330,RED
DistanceOrColor,RED234,2340,RED
DistanceOrColor,RED235,2350,RED
DistanceOrColor,RED236,2360,RED
DistanceOrColor,RED237,2370,RED
DistanceOrColor,RED238,2380,RED
DistanceOrColor,RED239,2390,RED
DistanceOrColor,RED240,2400,RED
DistanceOrColor,RED241,2410,RED
DistanceOrColor,RED242,2420,RED
DistanceOrColor,RED243,2430,RED
DistanceOrColor,RED244,2440,RED
DistanceOrColor,RED245,2450,RED
DistanceOrColor,RED246,2460,RED
DistanceOrColor,RED247,2470,RED
DistanceOrColor,RED248,2480,RED
DistanceOrColor,RED249,2490,RED
DistanceOrColor,RED250,2500,RED
DistanceOrColor,RED251,2510,RED
DistanceOrColor,RED252,2520,RED
DistanceOrColor,RED253,2530,RED
DistanceOrColor,RED254,2540,RED
DistanceOrColor,RED255,2550,RED
DistanceOrColor,RED256,2560,RED
DistanceOrColor,RED257,2570,RED
DistanceOrColor,RED258,2580,RED
DistanceOrColor,RED259,2590,RED
DistanceOrColor,RED260,2600,RED
DistanceOrColor,RED261,2610,RED
DistanceOrColor,RED262,2620,RED
DistanceOrColor,RED263,2630,RED
DistanceOrColor,RED264,2640,RED
DistanceOrColor,RED265,2650,RED
DistanceOrColor,RED266,2660,RED
DistanceOrColor,RED267,2670,RED
DistanceOrColor,RED268,2680,RED
DistanceOrColor,RED269,2690,RED
DistanceOrColor,RED270,2700,RED
DistanceOrColor,RED271,2710,RED
DistanceOrColor,RED272,2720,RED
DistanceOrColor,RED273,2730,RED
DistanceOrColor,RED274,2740,RED
DistanceOrColor,RED275,2750,RED
DistanceOrColor,RED276,2760,RED
DistanceOrColor,RED277,2770,RED
DistanceOrColor,RED278,2780,RED
DistanceOrColor,RED279,2790,RED
DistanceOrColor,RED280,2800,RED
DistanceOrColor,RED281,2810,RED
DistanceOrColor,RED282,2820,RED
DistanceOrColor,RED283,2830,RED
DistanceOrColor,RED284,2840,RED
DistanceOrColor,RED285,2850,RED
DistanceOrColor,RED286,2860,RED
DistanceOrColor,RED287,2870,RED
DistanceOrColor,RED288,2880,RED
DistanceOrColor,RED289,2890,RED
DistanceOrColor,RED290,2900,RED
DistanceOrColor,RED291,2910,RED
DistanceOrColor,RED292,2920,RED
DistanceOrColor,RED293,2930,RED
DistanceOrColor,RED294,2940,RED
DistanceOrColor,RED295,2950,RED
DistanceOrColor,RED296,2960,RED
DistanceOrColor,RED297,2970,RED
DistanceOrColor,RED298,2980,RED
DistanceOrColor,RED299,2990,RED
DistanceOrColor,RED300,3000,RED
DistanceOrColor,RED301,3010,RED
DistanceOrColor,RED302,3020,RED
DistanceOrColor,RED303,3030,RED
DistanceOrColor,RED304,3040,RED
DistanceOrColor,RED305,3050,RED
DistanceOrColor,RED306,3060,RED
DistanceOrColor,RED307,3070,RED
DistanceOrColor,RED308,3080,RED
DistanceOrColor,RED309,3090,RED
DistanceOrColor,RED310,3100,RED
DistanceOrColor,RED311,3110,RED
DistanceOrColor,RED312,3120,RED
DistanceOrColor,RED313,3130,RED
DistanceOrColor,RED314,3140,RED
DistanceOrColor,RED315,3150,RED
DistanceOrColor,RED316,3160,RED
DistanceOrColor,RED317,3170,RED
DistanceOrColor,RED318,3180,RED
DistanceOrColor,RED319,3190,RED
DistanceOrColor,RED320,3200,RED
DistanceOrColor,RED321,3210,RED
DistanceOrColor,RED322,3220,RED
DistanceOrColor,RED323,3230,RED
DistanceOrColor,RED324,3240,RED
DistanceOrColor,RED325,3250,RED
DistanceOrColor,RED326,3260,RED
DistanceOrColor,RED327,3270,RED
DistanceOrColor,RED328,3280,RED
DistanceOrColor,RED329,3290,RED
DistanceOrColor,RED330,3300,RED
DistanceOrColor,RED331,3310,RED
DistanceOrColor,RED332,3320,RED
DistanceOrColor,RED333,3330,RED
DistanceOrColor,RED334,3340,RED
DistanceOrColor,RED335,3350,RED
DistanceOrColor,RED336,3360,RED
DistanceOrColor,RED337,3370,RED
DistanceOrColor,RED338,3380,RED
DistanceOrColor,RED339,3390,RED
DistanceOrColor,RED340,3400,RED
DistanceOrColor,RED341,3410,RED
DistanceOrColor,RED342,3420,RED
DistanceOrColor,RED343,3430,RED
DistanceOrColor,RED344,3440,RED
DistanceOrColor,RED345,3450,RED
DistanceOrColor,RED346,3460,RED
DistanceOrColor,RED347,3470,RED
DistanceOrColor,RED348,3480,RED
DistanceOrColor,RED349,3490,RED
DistanceOrColor,RED350,3500,RED
DistanceOrColor,RED351,3510,RED
DistanceOrColor,RED352,3520,RED
DistanceOrColor,RED353,3530,RED
DistanceOrColor,RED354,3540,RED
DistanceOrColor,RED355,3550,RED
DistanceOrColor,RED356,3560,RED
DistanceOrColor,RED357,3570,RED
DistanceOrColor,RED358,3580,RED
DistanceOrColor,RED359,3590,RED
DistanceOrColor,RED360,3600,RED
DistanceOrColor,RED361,3610,RED
DistanceOrColor,RED362,3620,RED
DistanceOrColor,RED363,3630,RED
DistanceOrColor,RED364,3640,RED
DistanceOrColor,RED365,3650,RED
DistanceOrColor,RED366,3660,RED
DistanceOrColor,RED367,3670,RED
DistanceOrColor,RED368,3680,RED
DistanceOrColor,RED369,3690,RED
DistanceOrColor,RED370,3700,RED
DistanceOrColor,RED371,3710,RED
DistanceOrColor,RED372,3720,RED
DistanceOrColor,RED373,3730,RED
DistanceOrColor,RED374,3740,RED
DistanceOrColor,RED375,3750,RED
DistanceOrColor,RED376,3760,RED
DistanceOrColor,RED377,3770,RED
DistanceOrColor,RED378,3780,RED
DistanceOrColor,RED379,3790,RED
DistanceOrColor,RED380,3800,RED
DistanceOrColor,RED381,3810,RED
DistanceOrColor,RED382,3820,RED
DistanceOrColor,RED383,3830,RED
DistanceOrColor,RED384,3840,RED
DistanceOrColor,RED385,3850,RED
DistanceOrColor,RED386,3860,RED
DistanceOrColor,RED387,3870,RED
DistanceOrColor,RED388,3880,RED
DistanceOrColor,RED389,3890,RED
DistanceOrColor,RED390,3900,RED
DistanceOrColor,RED391,3910,RED
DistanceOrColor,RED392,3920,RED
DistanceOrColor,RED393,3930,RED
DistanceOrColor,RED394,3940,RED
DistanceOrColor,RED395,3950,RED
DistanceOrColor,RED396,3960,RED
DistanceOrColor,RED397,3970,RED
DistanceOrColor,RED398,3980,RED
DistanceOrColor,RED399,3990,RED
DistanceOrColor,RED400,4000,RED
DistanceOrColor,RED401,4010,RED
DistanceOrColor,RED402,4020,RED
DistanceOrColor,RED403,4030,RED
DistanceOrColor,RED404,4040,RED
DistanceOrColor,RED405,4050,RED
DistanceOrColor,RED406,4060,RED
DistanceOrColor,RED407,4070,RED
DistanceOrColor,RED408,4080,RED
DistanceOrColor,RED409,4090,RED
DistanceOrColor,RED410,4100,RED
DistanceOrColor,RED411,4110,RED
DistanceOrColor,RED412,4120,RED
DistanceOrColor,RED413,4130,RED
DistanceOrColor,RED414,4140,RED
DistanceOrColor,RED415,4150,RED
DistanceOrColor,RED416,4160,RED
DistanceOrColor,RED417,4170,RED
DistanceOrColor,RED418,4180,RED
DistanceOrColor,RED419,4190,RED
DistanceOrColor,RED420,4200,RED
DistanceOrColor,RED421,4210,RED
DistanceOrColor,RED422,4220,RED
DistanceOrColor,RED423,4230,RED
DistanceOrColor,RED424,4240,RED
DistanceOrColor,RED425,4250,RED
DistanceOrColor,RED426,4260,RED
DistanceOrColor,RED427,4270,RED
DistanceOrColor,RED428,4280,RED
DistanceOrColor,RED429,4290,RED
DistanceOrColor,RED430,4300,RED
DistanceOrColor,RED431,4310,RED
DistanceOrColor,RED432,4320,RED
DistanceOrColor,RED433,4330,RED
DistanceOrColor,RED434,4340,RED
DistanceOrColor,RED435,4350,RED
DistanceOrColor,RED436,4360,RED
DistanceOrColor,RED437,4370,RED
DistanceOrColor,RED438,4380,RED
DistanceOrColor,RED439,4390,RED
DistanceOrColor,RED440,4400,RED
DistanceOrColor,RED441,4410,RED
DistanceOrColor,RED442,4420,RED
DistanceOrColor,RED443,4430,RED
DistanceOrColor,RED444,4440,RED
DistanceOrColor,RED445,4450,RED
DistanceOrColor,RED446,4460,RED
DistanceOrColor,RED447,4470,RED
DistanceOrColor,RED448,4480,RED
DistanceOrColor,RED449,4490,RED
DistanceOrColor,RED450,4500,RED
DistanceOrColor,RED451,4510,RED
DistanceOrColor,RED452,4520,RED
DistanceOrColor,RED453,4530,RED
DistanceOrColor,RED454,4540,RED
DistanceOrColor,RED455,4550,RED
DistanceOrColor,RED456,4560,RED
DistanceOrColor,RED457,4570,RED
DistanceOrColor,RED458,4580,RED
DistanceOrColor,RED459,4590,RED
DistanceOrColor,RED460,4600,RED
DistanceOrColor,RED461,4610,RED
DistanceOrColor,RED462,4620,RED
DistanceOrColor,RED463,4630,RED
DistanceOrColor,RED464,4640,RED
DistanceOrColor,RED465,4650,RED
DistanceOrColor,RED466,4660,RED
DistanceOrColor,RED467,4670,RED
DistanceOrColor,RED468,4680,RED
DistanceOrColor,RED469,4690,RED
DistanceOrColor,RED470,4700,RED
DistanceOrColor,RED471,4710,RED
DistanceOrColor,RED472,4720,RED
DistanceOrColor,RED473,4730,RED
DistanceOrColor,RED474,4740,RED
DistanceOrColor,RED475,4750,RED
DistanceOrColor,RED476,4760,RED
DistanceOrColor,RED477,4770,RED
DistanceOrColor,RED478,4780,RED
DistanceOrColor,RED479,4790,RED
DistanceOrColor,RED480,4800,RED
DistanceOrColor,RED481,4810,RED
DistanceOrColor,RED482,4820,RED
DistanceOrColor,RED483,4830,RED
DistanceOrColor,RED484,4840,RED
DistanceOrColor,RED485,4850,RED
DistanceOrColor,RED486,4860,RED
DistanceOrColor,RED487,4870,RED
DistanceOrColor,RED488,4880,RED
DistanceOrColor,RED489,4890,RED
DistanceOrColor,RED490,4900,RED
DistanceOrColor,RED491,4910,RED
DistanceOrColor,RED492,4920,RED
DistanceOrColor,RED493,4930,RED
DistanceOrColor,RED494,4940,RED
DistanceOrColor,RED495,4950,RED
DistanceOrColor,RED496,4960,RED
DistanceOrColor,RED497,4970,RED
DistanceOrColor,RED498,4980,RED
DistanceOrColor,RED499,4990,RED
DistanceOrColor,RED500,5000,RED
DistanceOrColor,RED501,5010,RED
DistanceOrColor,RED502,5020,RED
DistanceOrColor,RED503,5030,RED
DistanceOrColor,RED504,5040,RED
DistanceOrColor,RED505,5050,RED
DistanceOrColor,RED506,5060,RED
DistanceOrColor,RED507,5070,RED
DistanceOrColor,RED508,5080,RED
DistanceOrColor,RED509,5090,RED
DistanceOrColor,RED510,5100,RED
DistanceOrColor,RED511,5110,RED
DistanceOrColor,RED512,5120,RED
DistanceOrColor,RED513,5130,RED
DistanceOrColor,RED514,5140,RED
DistanceOrColor,RED515,5150,RED
DistanceOrColor,RED516,5160,RED
DistanceOrColor,RED517,5170,RED
DistanceOrColor,RED518,5180,RED
DistanceOrColor,RED519,5190,RED
DistanceOrColor,RED520,5200,RED
DistanceOrColor,RED521,5210,RED
DistanceOrColor,RED522,5220,RED
DistanceOrColor,RED523,5230,RED
DistanceOrColor,RED524,5240,RED
DistanceOrColor,RED525,5250,RED
DistanceOrColor,RED526,5260,RED
DistanceOrColor,RED527,5270,RED
DistanceOrColor,RED528,5280,RED
DistanceOrColor,RED529,5290,RED
DistanceOrColor,RED530,5300,RED
DistanceOrColor,RED531,5310,RED
DistanceOrColor,RED532,5320,RED
DistanceOrColor,RED533,5330,RED
DistanceOrColor,RED534,5340,RED
DistanceOrColor,RED535,5350,RED
DistanceOrColor,RED536,5360,RED
DistanceOrColor,RED537,5370,RED
DistanceOrColor,RED538,5380,RED
DistanceOrColor,RED539,5390,RED
DistanceOrColor,RED540,5400,RED
DistanceOrColor,RED541,5410,RED
DistanceOrColor,RED542,5420,RED
DistanceOrColor,RED543,5430,RED
DistanceOrColor,RED544,5440,RED
DistanceOrColor,RED545,5450,RED
DistanceOrColor,RED546,5460,RED
DistanceOrColor,RED547,5470,RED
DistanceOrColor,RED548,5480,RED
DistanceOrColor,RED549,5490,RED
DistanceOrColor,RED550,5500,RED
DistanceOrColor,RED551,5510,RED
DistanceOrColor,RED552,5520,RED
DistanceOrColor,RED553,5530,RED
DistanceOrColor,RED554,5540,RED
DistanceOrColor,RED555,5550,RED
DistanceOrColor,RED556,5560,RED
DistanceOrColor,RED557,5570,RED
DistanceOrColor,RED558,5580,RED
DistanceOrColor,RED559,5590,RED
DistanceOrColor,RED560,5600,RED
DistanceOrColor,RED561,5610,RED
DistanceOrColor,RED562,5620,RED
DistanceOrColor,RED563,5630,RED
DistanceOrColor,RED564,5640,RED
DistanceOrColor,RED565,5650,RED
DistanceOrColor,RED566,5660,RED
DistanceOrColor,RED567,5670,RED
DistanceOrColor,RED568,5680,RED
DistanceOrColor,RED569,5690,RED
DistanceOrColor,RED570,5700,RED
DistanceOrColor,RED571,5710,RED
DistanceOrColor,RED572,5720,RED
DistanceOrColor,RED573,5730,RED
DistanceOrColor,RED574,5740,RED
DistanceOrColor,RED575,5750,RED
DistanceOrColor,RED576,5760,RED
DistanceOrColor,RED577,5770,RED
DistanceOrColor,RED578,5780,RED
DistanceOrColor,RED579,5790,RED
DistanceOrColor,RED580,5800,RED
DistanceOrColor,RED581,5810,RED
DistanceOrColor,RED582,5820,RED
DistanceOrColor,RED583,5830,RED
DistanceOrColor,RED584,5840,RED
DistanceOrColor,RED585,5850,RED
DistanceOrColor,RED586,5860,RED
DistanceOrColor,RED587,5870,RED
DistanceOrColor,RED588,5880,RED
DistanceOrColor,RED589,5890,RED
DistanceOrColor,RED590,5900,RED
DistanceOrColor,RED591,5910,RED
DistanceOrColor,RED592,5920,RED
DistanceOrColor,RED593,5930,RED
DistanceOrColor,RED594,5940,RED
DistanceOrColor,RED595,5950,RED
DistanceOrColor,RED596,5960,RED
DistanceOrColor,RED597,5970,RED
DistanceOrColor,RED598,5980,RED
DistanceOrColor,RED599,5990,RED
DistanceOrColor,RED600,6000,RED
DistanceOrColor,RED601,6010,RED
DistanceOrColor,RED602,6020,RED
DistanceOrColor,RED603,6030,RED
DistanceOrColor,RED604,6040,RED
DistanceOrColor,RED605,6050,RED
DistanceOrColor,RED606,6060,RED
DistanceOrColor,RED607,6070,RED
DistanceOrColor,RED608,6080,RED
DistanceOrColor,RED609,6090,RED
DistanceOrColor,RED610,6100,RED
DistanceOrColor,RED611,6110,RED
DistanceOrColor,RED612,6120,RED
DistanceOrColor,RED613,6130,RED
DistanceOrColor,RED614,6140,RED
DistanceOrColor,RED615,6150,RED
DistanceOrColor,RED616,6160,RED
DistanceOrColor,RED617,6170,RED
DistanceOrColor,RED618,6180,RED
DistanceOrColor,RED619,6190,RED
DistanceOrColor,RED620,6200,RED
DistanceOrColor,RED621,6210,RED
DistanceOrColor,RED622,6220,RED
DistanceOrColor,RED623,6230,RED
DistanceOrColor,RED624,6240,RED
DistanceOrColor,RED625,6250,RED
DistanceOrColor,RED626,6260,RED
DistanceOrColor,RED627,6270,RED
DistanceOrColor,RED628,6280,RED
DistanceOrColor,RED629,6290,RED
DistanceOrColor,RED630,6300,RED
DistanceOrColor,RED631,6310,RED
DistanceOrColor,RED632,6320,RED
DistanceOrColor,RED633,6330,RED
DistanceOrColor,RED634,6340,RED
DistanceOrColor,RED635,6350,RED
DistanceOrColor,RED636,6360,RED
DistanceOrColor,RED637,6370,RED
DistanceOrColor,RED638,6380,RED
DistanceOrColor,RED639,6390,RED
DistanceOrColor,RED640,6400,RED
DistanceOrColor,RED641,6410,RED
DistanceOrColor,RED642,6420,RED
DistanceOrColor,RED643,6430,RED
DistanceOrColor,RED644,6440,RED
DistanceOrColor,RED645,6450,RED
DistanceOrColor,RED646,6460,RED
DistanceOrColor,RED647,6470,RED
DistanceOrColor,RED648,6480,RED
DistanceOrColor,RED649,6490,RED
DistanceOrColor,RED650,6500,RED
DistanceOrColor,RED651,6510,RED
DistanceOrColor,RED652,6520,RED
DistanceOrColor,RED653,6530,RED
DistanceOrColor,RED654,6540,RED
DistanceOrColor,RED655,6550,RED
DistanceOrColor,RED656,6560,RED
DistanceOrColor,RED657,6570,RED
DistanceOrColor,RED658,6580,RED
DistanceOrColor,RED659,6590,RED
DistanceOrColor,RED660,6600,RED
DistanceOrColor,RED661,6610,RED
DistanceOrColor,RED662,6620,RED
DistanceOrColor,RED663,6630,RED
DistanceOrColor,RED664,6640,RED
DistanceOrColor,RED665,6650,RED
DistanceOrColor,RED666,6660,RED
DistanceOrColor,RED667,6670,RED
DistanceOrColor,RED668,6680,RED
DistanceOrColor,RED669,6690,RED
DistanceOrColor,RED670,6700,RED
DistanceOrColor,RED671,6710,RED
DistanceOrColor,RED672,6720,RED
DistanceOrColor,RED673,6730,RED
DistanceOrColor,RED674,6740,RED
DistanceOrColor,RED675,6750,RED
DistanceOrColor,RED676,6760,RED
DistanceOrColor,RED677,6770,RED
DistanceOrColor,RED678,6780,RED
DistanceOrColor,RED679,6790,RED
DistanceOrColor,RED680,6800,RED
DistanceOrColor,RED681,6810,RED
DistanceOrColor,RED682,6820,RED
DistanceOrColor,RED683,6830,RED
DistanceOrColor,RED684,6840,RED
DistanceOrColor,RED685,6850,RED
DistanceOrColor,RED686,6860,RED
DistanceOrColor,RED687,6870,RED
DistanceOrColor,RED688,6880,RED
DistanceOrColor,RED689,6890,RED
DistanceOrColor,RED690,6900,RED
DistanceOrColor,RED691,6910,RED
DistanceOrColor,RED692,6920,RED
DistanceOrColor,RED693,6930,RED
DistanceOrColor,RED694,6940,RED
DistanceOrColor,RED695,6950,RED
DistanceOrColor,RED696,6960,RED
DistanceOrColor,RED697,6970,RED
DistanceOrColor,RED698,6980,RED
DistanceOrColor,RED699,6990,RED
DistanceOrColor,RED700,7000,RED
DistanceOrColor,RED701,7010,RED
DistanceOrColor,RED702,7020,RED
DistanceOrColor,RED703,7030,RED
DistanceOrColor,RED704,7040,RED
DistanceOrColor,RED705,7050,RED
DistanceOrColor,RED706,7060,RED
DistanceOrColor,RED707,7070,RED
DistanceOrColor,RED708,7080,RED
DistanceOrColor,RED709,7090,RED
DistanceOrColor,RED710,7100,RED
DistanceOrColor,RED711,7110,RED
DistanceOrColor,RED712,7120,RED
DistanceOrColor,RED713,7130,RED
DistanceOrColor,RED714,7140,RED
DistanceOrColor,RED715,7150,RED
DistanceOrColor,RED716,7160,RED
DistanceOrColor,RED717,7170,RED
DistanceOrColor,RED718,7180,RED
DistanceOrColor,RED719,7190,RED
DistanceOrColor,RED720,7200,RED
DistanceOrColor,RED721,7210,RED
DistanceOrColor,RED722,7220,RED
DistanceOrColor,RED723,7230,RED
DistanceOrColor,RED724,7240,RED
DistanceOrColor,RED725,7250,RED
DistanceOrColor,RED726,7260,RED
DistanceOrColor,RED727,7270,RED
DistanceOrColor,RED728,7280,RED
DistanceOrColor,RED729,7290,RED
DistanceOrColor,RED730,7300,RED
DistanceOrColor,RED731,7310,RED
DistanceOrColor,RED732,7320,RED
DistanceOrColor,RED733,7330,RED
DistanceOrColor,RED734,7340,RED
DistanceOrColor,RED735,7350,RED
DistanceOrColor,RED736,7360,RED
DistanceOrColor,RED737,7370,RED
DistanceOrColor,RED738,7380,RED
DistanceOrColor,RED739,7390,RED
DistanceOrColor,RED740,7400,RED
DistanceOrColor,RED741,7410,RED
DistanceOrColor,RED742,7420,RED
DistanceOrColor,RED743,7430,RED
DistanceOrColor,RED744,7440,RED
DistanceOrColor,RED745,7450,RED
DistanceOrColor,RED746,7460,RED
DistanceOrColor,RED747,7470,RED
DistanceOrColor,RED748,7480,RED
DistanceOrColor,RED749,7490,RED
DistanceOrColor,RED750,7500,RED
DistanceOrColor,RED751,7510,RED
DistanceOrColor,RED752,7520,RED
DistanceOrColor,RED753,7530,RED
DistanceOrColor,RED754,7540,RED
DistanceOrColor,RED755,7550,RED
DistanceOrColor,RED756,7560,RED
DistanceOrColor,RED757,7570,RED
DistanceOrColor,RED758,7580,RED
DistanceOrColor,RED759,7590,RED
DistanceOrColor,RED760,7600,RED
DistanceOrColor,RED761,7610,RED
DistanceOrColor,RED762,7620,RED
DistanceOrColor,RED763,7630,RED
DistanceOrColor,RED764,7640,RED
DistanceOrColor,RED765,7650,RED
DistanceOrColor,RED766,7660,RED
DistanceOrColor,RED767,7670,RED
DistanceOrColor,RED768,7680,RED
DistanceOrColor,RED769,7690,RED
DistanceOrColor,RED770,7700,RED
DistanceOrColor,RED771,7710,RED
DistanceOrColor,RED772,7720,RED
DistanceOrColor,RED773,7730,RED
DistanceOrColor,RED774,7740,RED
DistanceOrColor,RED775,7750,RED
DistanceOrColor,RED776,7760,RED
DistanceOrColor,RED777,7770,RED
DistanceOrColor,RED778,7780,RED
DistanceOrColor,RED779,7790,RED
DistanceOrColor,RED780,7800,RED
DistanceOrColor,RED781,7810,RED
DistanceOrColor,RED782,7820,RED
DistanceOrColor,RED783,7830,RED
DistanceOrColor,RED784,7840,RED
DistanceOrColor,RED785,7850,RED
DistanceOrColor,RED786,7860,RED
DistanceOrColor,RED787,7870,RED
DistanceOrColor,RED788,7880,RED
DistanceOrColor,RED789,7890,RED
DistanceOrColor,RED790,7900,RED
DistanceOrColor,RED791,7910,RED
DistanceOrColor,RED792,7920,RED
DistanceOrColor,RED793,7930,RED
DistanceOrColor,RED794,7940,RED
DistanceOrColor,RED795,7950,RED
DistanceOrColor,RED796,7960,RED
DistanceOrColor,RED797,7970,RED
DistanceOrColor,RED798,7980,RED
DistanceOrColor,RED799,7990,RED
DistanceOrColor,RED800,8000,RED
DistanceOrColor,RED801,8010,RED
DistanceOrColor,RED802,8020,RED
DistanceOrColor,RED803,8030,RED
DistanceOrColor,RED804,8040,RED
DistanceOrColor,RED805,8050,RED
DistanceOrColor,RED806,8060,RED
DistanceOrColor,RED807,8070,RED
DistanceOrColor,RED808,8080,RED
DistanceOrColor,RED809,8090,RED
DistanceOrColor,RED810,8100,RED
DistanceOrColor,RED811,8110,RED
DistanceOrColor,RED812,8120,RED
DistanceOrColor,RED813,8130,RED
DistanceOrColor,RED814,8140,RED
DistanceOrColor,RED815,8150,RED
DistanceOrColor,RED816,8160,RED
DistanceOrColor,RED817,8170,RED
DistanceOrColor,RED818,8180,RED
DistanceOrColor,RED819,8190,RED
DistanceOrColor,RED820,8200,RED
DistanceOrColor,RED821,8210,RED
DistanceOrColor,RED822,8220,RED
DistanceOrColor,RED823,8230,RED
DistanceOrColor,RED824,8240,RED
DistanceOrColor,RED825,8250,RED
DistanceOrColor,RED826,8260,RED
DistanceOrColor,RED827,8270,RED
DistanceOrColor,RED828,8280,RED
DistanceOrColor,RED829,8290,RED
DistanceOrColor,RED830,8300,RED
DistanceOrColor,RED831,8310,RED
DistanceOrColor,RED832,8320,RED
DistanceOrColor,RED833,8330,RED
DistanceOrColor,RED834,8340,RED
DistanceOrColor,RED835,8350,RED
DistanceOrColor,RED836,8360,RED
DistanceOrColor,RED837,8370,RED
DistanceOrColor,RED838,8380,RED
DistanceOrColor,RED839,8390,RED
DistanceOrColor,RED840,8400,RED
DistanceOrColor,RED841,8410,RED
DistanceOrColor,RED842,8420,RED
DistanceOrColor,RED843,8430,RED
DistanceOrColor,RED844,8440,RED
DistanceOrColor,RED845,8450,RED
DistanceOrColor,RED846,8460,RED
DistanceOrColor,RED847,8470,RED
DistanceOrColor,RED848,8480,RED
DistanceOrColor,RED849,8490,RED
DistanceOrColor,RED850,8500,RED
DistanceOrColor,RED851,8510,RED
DistanceOrColor,RED852,8520,RED
DistanceOrColor,RED853,8530,RED
DistanceOrColor,RED854,8540,RED
DistanceOrColor,RED855,8550,RED
DistanceOrColor,RED856,8560,RED
DistanceOrColor,RED857,8570,RED
DistanceOrColor,RED858,8580,RED
DistanceOrColor,RED859,8590,RED
DistanceOrColor,RED860,8600,RED
DistanceOrColor,RED861,8610,RED
DistanceOrColor,RED862,8620,RED
DistanceOrColor,RED863,8630,RED
DistanceOrColor,RED864,8640,RED
DistanceOrColor,RED865,8650,RED
DistanceOrColor,RED866,8660,RED
DistanceOrColor,RED867,8670,RED
DistanceOrColor,RED868,8680,RED
DistanceOrColor,RED869,8690,RED
DistanceOrColor,RED870,8700,RED
DistanceOrColor,RED871,8710,RED
DistanceOrColor,RED872,8720,RED
DistanceOrColor,RED873,8730,RED
DistanceOrColor,RED874,8740,RED
DistanceOrColor,RED875,8750,RED
DistanceOrColor,RED876,8760,RED
DistanceOrColor,RED877,8770,RED
DistanceOrColor,RED878,8780,RED
DistanceOrColor,RED879,8790,RED
DistanceOrColor,RED880,8800,RED
DistanceOrColor,RED881,8810,RED
DistanceOrColor,RED882,8820,RED
DistanceOrColor,RED883,8830,RED
DistanceOrColor,RED884,8840,RED
DistanceOrColor,RED885,8850,RED
DistanceOrColor,RED886,8860,RED
DistanceOrColor,RED887,8870,RED
DistanceOrColor,RED888,8880,RED
DistanceOrColor,RED889,8890,RED
DistanceOrColor,RED890,8900,RED
DistanceOrColor,RED891,8910,RED
DistanceOrColor,RED892,8920,RED
DistanceOrColor,RED893,8930,RED
DistanceOrColor,RED894,8940,RED
DistanceOrColor,RED895,8950,RED
DistanceOrColor,RED896,8960,RED
DistanceOrColor,RED897,8970,RED
DistanceOrColor,RED898,8980,RED
DistanceOrColor,RED899,8990,RED
DistanceOrColor,RED900,9000,RED
DistanceOrColor,RED901,9010,RED
DistanceOrColor,RED902,9020,RED
DistanceOrColor,RED903,9030,RED
DistanceOrColor,RED904,9040,RED
DistanceOrColor,RED905,9050,RED
DistanceOrColor,RED906,9060,RED
DistanceOrColor,RED907,9070,RED
DistanceOrColor,RED908,9080,RED
DistanceOrColor,RED909,9090,RED
DistanceOrColor,RED910,9100,RED
DistanceOrColor,RED911,9110,RED
DistanceOrColor,RED912,9120,RED
DistanceOrColor,RED913,9130,RED
DistanceOrColor,RED914,9140,RED
DistanceOrColor,RED915,9150,RED
DistanceOrColor,RED916,9160,RED
DistanceOrColor,RED917,9170,RED
DistanceOrColor,RED918,9180,RED
DistanceOrColor,RED919,9190,RED
DistanceOrColor,RED920,9200,RED
DistanceOrColor,RED921,9210,RED
DistanceOrColor,RED922,9220,RED
DistanceOrColor,RED923,9230,RED
DistanceOrColor,RED924,9240,RED
DistanceOrColor,RED925,9250,RED
DistanceOrColor,RED926,9260,RED
DistanceOrColor,RED927,9270,RED
DistanceOrColor,RED928,9280,RED
DistanceOrColor,RED929,9290,RED
DistanceOrColor,RED930,9300,RED
DistanceOrColor,RED931,9310,RED
DistanceOrColor,RED932,9320,RED
DistanceOrColor,RED933,9330,RED
DistanceOrColor,RED934,9340,RED
DistanceOrColor,RED935,9350,RED
DistanceOrColor,RED936,9360,RED
DistanceOrColor,RED937,9370,RED
DistanceOrColor,RED938,9380,RED
DistanceOrColor,RED939,9390,RED
DistanceOrColor,RED940,9400,RED
DistanceOrColor,RED941,9410,RED
DistanceOrColor,RED942,9420,RED
DistanceOrColor,RED943,9430,RED
DistanceOrColor,RED944,9440,RED
DistanceOrColor,RED945,9450,RED
DistanceOrColor,RED946,9460,RED
DistanceOrColor,RED947,9470,RED
DistanceOrColor,RED948,9480,RED
DistanceOrColor,RED949,9490,RED
DistanceOrColor,RED950,9500,RED
DistanceOrColor,RED951,9510,RED
DistanceOrColor,RED952,9520,RED
DistanceOrColor,RED953,9530,RED
DistanceOrColor,RED954,9540,RED
DistanceOrColor,RED955,9550,RED
DistanceOrColor,RED956,9560,RED
DistanceOrColor,RED957,9570,RED
DistanceOrColor,RED958,9580,RED
DistanceOrColor,RED959,9590,RED
DistanceOrColor,RED960,9600,RED
DistanceOrColor,RED961,9610,RED
DistanceOrColor,RED962,9620,RED
DistanceOrColor,RED963,9630,RED
DistanceOrColor,RED964,9640,RED
DistanceOrColor,RED965,9650,RED
DistanceOrColor,RED966,9660,RED
DistanceOrColor,RED967,9670,RED
DistanceOrColor,RED968,9680,RED
DistanceOrColor,RED969,9690,RED
DistanceOrColor,RED970,9700,RED
DistanceOrColor,RED971,9710,RED
DistanceOrColor,RED972,9720,RED
DistanceOrColor,RED973,9730,RED
DistanceOrColor,RED974,9740,RED
DistanceOrColor,RED975,9750,RED
DistanceOrColor,RED976,9760,RED
DistanceOrColor,RED977,9770,RED
DistanceOrColor,RED978,9780,RED
DistanceOrColor,RED979,9790,RED
DistanceOrColor,RED980,9800,RED
DistanceOrColor,RED981,9810,RED
DistanceOrColor,RED982,9820,RED
DistanceOrColor,RED983,9830,RED
DistanceOrColor,RED984,9840,RED
DistanceOrColor,RED985,9850,RED
DistanceOrColor,RED986,9860,RED
DistanceOrColor,RED987,9870,RED
DistanceOrColor,RED988,9880,RED
DistanceOrColor,RED989,9890,RED
DistanceOrColor,RED990,9900,RED
DistanceOrColor,RED991,9910,RED
DistanceOrColor,RED992,9920,RED
DistanceOrColor,RED993,9930,RED
DistanceOrColor,RED994,9940,RED
DistanceOrColor,RED995,9950,RED
DistanceOrColor,RED996,9960,RED
DistanceOrColor,RED997,9970,RED
DistanceOrColor,RED998,9980,RED
DistanceOrColor,RED999,9990,RED







DistanceOrColor,BLUE000,0,BLUE
DistanceOrColor,BLUE001,10,BLUE
DistanceOrColor,BLUE002,20,BLUE
DistanceOrColor,BLUE003,30,BLUE
DistanceOrColor,BLUE004,40,BLUE
DistanceOrColor,BLUE005,50,BLUE
DistanceOrColor,BLUE006,60,BLUE
DistanceOrColor,BLUE007,70,BLUE
DistanceOrColor,BLUE008,80,BLUE
DistanceOrColor,BLUE009,90,BLUE
DistanceOrColor,BLUE010,100,BLUE
DistanceOrColor,BLUE011,110,BLUE
DistanceOrColor,BLUE012,120,BLUE
DistanceOrColor,BLUE013,130,BLUE
DistanceOrColor,BLUE014,140,BLUE
DistanceOrColor,BLUE015,150,BLUE
DistanceOrColor,BLUE016,160,BLUE
DistanceOrColor,BLUE017,170,BLUE
DistanceOrColor,BLUE018,180,BLUE
DistanceOrColor,BLUE019,190,BLUE
DistanceOrColor,BLUE020,200,BLUE
DistanceOrColor,BLUE021,210,BLUE
DistanceOrColor,BLUE022,220,BLUE
DistanceOrColor,BLUE023,230,BLUE
DistanceOrColor,BLUE024,240,BLUE
DistanceOrColor,BLUE025,250,BLUE
DistanceOrColor,BLUE026,260,BLUE
DistanceOrColor,BLUE027,270,BLUE
DistanceOrColor,BLUE028,280,BLUE
DistanceOrColor,BLUE029,290,BLUE
DistanceOrColor,BLUE030,300,BLUE
DistanceOrColor,BLUE031,310,BLUE
DistanceOrColor,BLUE032,320,BLUE
DistanceOrColor,BLUE033,330,BLUE
DistanceOrColor,BLUE034,340,BLUE
DistanceOrColor,BLUE035,350,BLUE
DistanceOrColor,BLUE036,360,BLUE
DistanceOrColor,BLUE037,370,BLUE
DistanceOrColor,BLUE038,380,BLUE
DistanceOrColor,BLUE039,390,BLUE
DistanceOrColor,BLUE040,400,BLUE
DistanceOrColor,BLUE041,410,BLUE
DistanceOrColor,BLUE042,420,BLUE
DistanceOrColor,BLUE043,430,BLUE
DistanceOrColor,BLUE044,440,BLUE
DistanceOrColor,BLUE045,450,BLUE
DistanceOrColor,BLUE046,460,BLUE
DistanceOrColor,BLUE047,470,BLUE
DistanceOrColor,BLUE048,480,BLUE
DistanceOrColor,BLUE049,490,BLUE
DistanceOrColor,BLUE050,500,BLUE
DistanceOrColor,BLUE051,510,BLUE
DistanceOrColor,BLUE052,520,BLUE
DistanceOrColor,BLUE053,530,BLUE
DistanceOrColor,BLUE054,540,BLUE
DistanceOrColor,BLUE055,550,BLUE
DistanceOrColor,BLUE056,560,BLUE
DistanceOrColor,BLUE057,570,BLUE
DistanceOrColor,BLUE058,580,BLUE
DistanceOrColor,BLUE059,590,BLUE
DistanceOrColor,BLUE060,600,BLUE
DistanceOrColor,BLUE061,610,BLUE
DistanceOrColor,BLUE062,620,BLUE
DistanceOrColor,BLUE063,630,BLUE
DistanceOrColor,BLUE064,640,BLUE
DistanceOrColor,BLUE065,650,BLUE
DistanceOrColor,BLUE066,660,BLUE
DistanceOrColor,BLUE067,670,BLUE
DistanceOrColor,BLUE068,680,BLUE
DistanceOrColor,BLUE069,690,BLUE
DistanceOrColor,BLUE070,700,BLUE
DistanceOrColor,BLUE071,710,BLUE
DistanceOrColor,BLUE072,720,BLUE
DistanceOrColor,BLUE073,730,BLUE
DistanceOrColor,BLUE074,740,BLUE
DistanceOrColor,BLUE075,750,BLUE
DistanceOrColor,BLUE076,760,BLUE
DistanceOrColor,BLUE077,770,BLUE
DistanceOrColor,BLUE078,780,BLUE
DistanceOrColor,BLUE079,790,BLUE
DistanceOrColor,BLUE080,800,BLUE
DistanceOrColor,BLUE081,810,BLUE
DistanceOrColor,BLUE082,820,BLUE
DistanceOrColor,BLUE083,830,BLUE
DistanceOrColor,BLUE084,840,BLUE
DistanceOrColor,BLUE085,850,BLUE
DistanceOrColor,BLUE086,860,BLUE
DistanceOrColor,BLUE087,870,BLUE
DistanceOrColor,BLUE088,880,BLUE
DistanceOrColor,BLUE089,890,BLUE
DistanceOrColor,BLUE090,900,BLUE
DistanceOrColor,BLUE091,910,BLUE
DistanceOrColor,BLUE092,920,BLUE
DistanceOrColor,BLUE093,930,BLUE
DistanceOrColor,BLUE094,940,BLUE
DistanceOrColor,BLUE095,950,BLUE
DistanceOrColor,BLUE096,960,BLUE
DistanceOrColor,BLUE097,970,BLUE
DistanceOrColor,BLUE098,980,BLUE
DistanceOrColor,BLUE099,990,BLUE
DistanceOrColor,BLUE100,1000,BLUE
DistanceOrColor,BLUE101,1010,BLUE
DistanceOrColor,BLUE102,1020,BLUE
DistanceOrColor,BLUE103,1030,BLUE
DistanceOrColor,BLUE104,1040,BLUE
DistanceOrColor,BLUE105,1050,BLUE
DistanceOrColor,BLUE106,1060,BLUE
DistanceOrColor,BLUE107,1070,BLUE
DistanceOrColor,BLUE108,1080,BLUE
DistanceOrColor,BLUE109,1090,BLUE
DistanceOrColor,BLUE110,1100,BLUE
DistanceOrColor,BLUE111,1110,BLUE
DistanceOrColor,BLUE112,1120,BLUE
DistanceOrColor,BLUE113,1130,BLUE
DistanceOrColor,BLUE114,1140,BLUE
DistanceOrColor,BLUE115,1150,BLUE
DistanceOrColor,BLUE116,1160,BLUE
DistanceOrColor,BLUE117,1170,BLUE
DistanceOrColor,BLUE118,1180,BLUE
DistanceOrColor,BLUE119,1190,BLUE
DistanceOrColor,BLUE120,1200,BLUE
DistanceOrColor,BLUE121,1210,BLUE
DistanceOrColor,BLUE122,1220,BLUE
DistanceOrColor,BLUE123,1230,BLUE
DistanceOrColor,BLUE124,1240,BLUE
DistanceOrColor,BLUE125,1250,BLUE
DistanceOrColor,BLUE126,1260,BLUE
DistanceOrColor,BLUE127,1270,BLUE
DistanceOrColor,BLUE128,1280,BLUE
DistanceOrColor,BLUE129,1290,BLUE
DistanceOrColor,BLUE130,1300,BLUE
DistanceOrColor,BLUE131,1310,BLUE
DistanceOrColor,BLUE132,1320,BLUE
DistanceOrColor,BLUE133,1330,BLUE
DistanceOrColor,BLUE134,1340,BLUE
DistanceOrColor,BLUE135,1350,BLUE
DistanceOrColor,BLUE136,1360,BLUE
DistanceOrColor,BLUE137,1370,BLUE
DistanceOrColor,BLUE138,1380,BLUE
DistanceOrColor,BLUE139,1390,BLUE
DistanceOrColor,BLUE140,1400,BLUE
DistanceOrColor,BLUE141,1410,BLUE
DistanceOrColor,BLUE142,1420,BLUE
DistanceOrColor,BLUE143,1430,BLUE
DistanceOrColor,BLUE144,1440,BLUE
DistanceOrColor,BLUE145,1450,BLUE
DistanceOrColor,BLUE146,1460,BLUE
DistanceOrColor,BLUE147,1470,BLUE
DistanceOrColor,BLUE148,1480,BLUE
DistanceOrColor,BLUE149,1490,BLUE
DistanceOrColor,BLUE150,1500,BLUE
DistanceOrColor,BLUE151,1510,BLUE
DistanceOrColor,BLUE152,1520,BLUE
DistanceOrColor,BLUE153,1530,BLUE
DistanceOrColor,BLUE154,1540,BLUE
DistanceOrColor,BLUE155,1550,BLUE
DistanceOrColor,BLUE156,1560,BLUE
DistanceOrColor,BLUE157,1570,BLUE
DistanceOrColor,BLUE158,1580,BLUE
DistanceOrColor,BLUE159,1590,BLUE
DistanceOrColor,BLUE160,1600,BLUE
DistanceOrColor,BLUE161,1610,BLUE
DistanceOrColor,BLUE162,1620,BLUE
DistanceOrColor,BLUE163,1630,BLUE
DistanceOrColor,BLUE164,1640,BLUE
DistanceOrColor,BLUE165,1650,BLUE
DistanceOrColor,BLUE166,1660,BLUE
DistanceOrColor,BLUE167,1670,BLUE
DistanceOrColor,BLUE168,1680,BLUE
DistanceOrColor,BLUE169,1690,BLUE
DistanceOrColor,BLUE170,1700,BLUE
DistanceOrColor,BLUE171,1710,BLUE
DistanceOrColor,BLUE172,1720,BLUE
DistanceOrColor,BLUE173,1730,BLUE
DistanceOrColor,BLUE174,1740,BLUE
DistanceOrColor,BLUE175,1750,BLUE
DistanceOrColor,BLUE176,1760,BLUE
DistanceOrColor,BLUE177,1770,BLUE
DistanceOrColor,BLUE178,1780,BLUE
DistanceOrColor,BLUE179,1790,BLUE
DistanceOrColor,BLUE180,1800,BLUE
DistanceOrColor,BLUE181,1810,BLUE
DistanceOrColor,BLUE182,1820,BLUE
DistanceOrColor,BLUE183,1830,BLUE
DistanceOrColor,BLUE184,1840,BLUE
DistanceOrColor,BLUE185,1850,BLUE
DistanceOrColor,BLUE186,1860,BLUE
DistanceOrColor,BLUE187,1870,BLUE
DistanceOrColor,BLUE188,1880,BLUE
DistanceOrColor,BLUE189,1890,BLUE
DistanceOrColor,BLUE190,1900,BLUE
DistanceOrColor,BLUE191,1910,BLUE
DistanceOrColor,BLUE192,1920,BLUE
DistanceOrColor,BLUE193,1930,BLUE
DistanceOrColor,BLUE194,1940,BLUE
DistanceOrColor,BLUE195,1950,BLUE
DistanceOrColor,BLUE196,1960,BLUE
DistanceOrColor,BLUE197,1970,BLUE
DistanceOrColor,BLUE198,1980,BLUE
DistanceOrColor,BLUE199,1990,BLUE
DistanceOrColor,BLUE200,2000,BLUE
DistanceOrColor,BLUE201,2010,BLUE
DistanceOrColor,BLUE202,2020,BLUE
DistanceOrColor,BLUE203,2030,BLUE
DistanceOrColor,BLUE204,2040,BLUE
DistanceOrColor,BLUE205,2050,BLUE
DistanceOrColor,BLUE206,2060,BLUE
DistanceOrColor,BLUE207,2070,BLUE
DistanceOrColor,BLUE208,2080,BLUE
DistanceOrColor,BLUE209,2090,BLUE
DistanceOrColor,BLUE210,2100,BLUE
DistanceOrColor,BLUE211,2110,BLUE
DistanceOrColor,BLUE212,2120,BLUE
DistanceOrColor,BLUE213,2130,BLUE
DistanceOrColor,BLUE214,2140,BLUE
DistanceOrColor,BLUE215,2150,BLUE
DistanceOrColor,BLUE216,2160,BLUE
DistanceOrColor,BLUE217,2170,BLUE
DistanceOrColor,BLUE218,2180,BLUE
DistanceOrColor,BLUE219,2190,BLUE
DistanceOrColor,BLUE220,2200,BLUE
DistanceOrColor,BLUE221,2210,BLUE
DistanceOrColor,BLUE222,2220,BLUE
DistanceOrColor,BLUE223,2230,BLUE
DistanceOrColor,BLUE224,2240,BLUE
DistanceOrColor,BLUE225,2250,BLUE
DistanceOrColor,BLUE226,2260,BLUE
DistanceOrColor,BLUE227,2270,BLUE
DistanceOrColor,BLUE228,2280,BLUE
DistanceOrColor,BLUE229,2290,BLUE
DistanceOrColor,BLUE230,2300,BLUE
DistanceOrColor,BLUE231,2310,BLUE
DistanceOrColor,BLUE232,2320,BLUE
DistanceOrColor,BLUE233,2330,BLUE
DistanceOrColor,BLUE234,2340,BLUE
DistanceOrColor,BLUE235,2350,BLUE
DistanceOrColor,BLUE236,2360,BLUE
DistanceOrColor,BLUE237,2370,BLUE
DistanceOrColor,BLUE238,2380,BLUE
DistanceOrColor,BLUE239,2390,BLUE
DistanceOrColor,BLUE240,2400,BLUE
DistanceOrColor,BLUE241,2410,BLUE
DistanceOrColor,BLUE242,2420,BLUE
DistanceOrColor,BLUE243,2430,BLUE
DistanceOrColor,BLUE244,2440,BLUE
DistanceOrColor,BLUE245,2450,BLUE
DistanceOrColor,BLUE246,2460,BLUE
DistanceOrColor,BLUE247,2470,BLUE
DistanceOrColor,BLUE248,2480,BLUE
DistanceOrColor,BLUE249,2490,BLUE
DistanceOrColor,BLUE250,2500,BLUE
DistanceOrColor,BLUE251,2510,BLUE
DistanceOrColor,BLUE252,2520,BLUE
DistanceOrColor,BLUE253,2530,BLUE
DistanceOrColor,BLUE254,2540,BLUE
DistanceOrColor,BLUE255,2550,BLUE
DistanceOrColor,BLUE256,2560,BLUE
DistanceOrColor,BLUE257,2570,BLUE
DistanceOrColor,BLUE258,2580,BLUE
DistanceOrColor,BLUE259,2590,BLUE
DistanceOrColor,BLUE260,2600,BLUE
DistanceOrColor,BLUE261,2610,BLUE
DistanceOrColor,BLUE262,2620,BLUE
DistanceOrColor,BLUE263,2630,BLUE
DistanceOrColor,BLUE264,2640,BLUE
DistanceOrColor,BLUE265,2650,BLUE
DistanceOrColor,BLUE266,2660,BLUE
DistanceOrColor,BLUE267,2670,BLUE
DistanceOrColor,BLUE268,2680,BLUE
DistanceOrColor,BLUE269,2690,BLUE
DistanceOrColor,BLUE270,2700,BLUE
DistanceOrColor,BLUE271,2710,BLUE
DistanceOrColor,BLUE272,2720,BLUE
DistanceOrColor,BLUE273,2730,BLUE
DistanceOrColor,BLUE274,2740,BLUE
DistanceOrColor,BLUE275,2750,BLUE
DistanceOrColor,BLUE276,2760,BLUE
DistanceOrColor,BLUE277,2770,BLUE
DistanceOrColor,BLUE278,2780,BLUE
DistanceOrColor,BLUE279,2790,BLUE
DistanceOrColor,BLUE280,2800,BLUE
DistanceOrColor,BLUE281,2810,BLUE
DistanceOrColor,BLUE282,2820,BLUE
DistanceOrColor,BLUE283,2830,BLUE
DistanceOrColor,BLUE284,2840,BLUE
DistanceOrColor,BLUE285,2850,BLUE
DistanceOrColor,BLUE286,2860,BLUE
DistanceOrColor,BLUE287,2870,BLUE
DistanceOrColor,BLUE288,2880,BLUE
DistanceOrColor,BLUE289,2890,BLUE
DistanceOrColor,BLUE290,2900,BLUE
DistanceOrColor,BLUE291,2910,BLUE
DistanceOrColor,BLUE292,2920,BLUE
DistanceOrColor,BLUE293,2930,BLUE
DistanceOrColor,BLUE294,2940,BLUE
DistanceOrColor,BLUE295,2950,BLUE
DistanceOrColor,BLUE296,2960,BLUE
DistanceOrColor,BLUE297,2970,BLUE
DistanceOrColor,BLUE298,2980,BLUE
DistanceOrColor,BLUE299,2990,BLUE
DistanceOrColor,BLUE300,3000,BLUE
DistanceOrColor,BLUE301,3010,BLUE
DistanceOrColor,BLUE302,3020,BLUE
DistanceOrColor,BLUE303,3030,BLUE
DistanceOrColor,BLUE304,3040,BLUE
DistanceOrColor,BLUE305,3050,BLUE
DistanceOrColor,BLUE306,3060,BLUE
DistanceOrColor,BLUE307,3070,BLUE
DistanceOrColor,BLUE308,3080,BLUE
DistanceOrColor,BLUE309,3090,BLUE
DistanceOrColor,BLUE310,3100,BLUE
DistanceOrColor,BLUE311,3110,BLUE
DistanceOrColor,BLUE312,3120,BLUE
DistanceOrColor,BLUE313,3130,BLUE
DistanceOrColor,BLUE314,3140,BLUE
DistanceOrColor,BLUE315,3150,BLUE
DistanceOrColor,BLUE316,3160,BLUE
DistanceOrColor,BLUE317,3170,BLUE
DistanceOrColor,BLUE318,3180,BLUE
DistanceOrColor,BLUE319,3190,BLUE
DistanceOrColor,BLUE320,3200,BLUE
DistanceOrColor,BLUE321,3210,BLUE
DistanceOrColor,BLUE322,3220,BLUE
DistanceOrColor,BLUE323,3230,BLUE
DistanceOrColor,BLUE324,3240,BLUE
DistanceOrColor,BLUE325,3250,BLUE
DistanceOrColor,BLUE326,3260,BLUE
DistanceOrColor,BLUE327,3270,BLUE
DistanceOrColor,BLUE328,3280,BLUE
DistanceOrColor,BLUE329,3290,BLUE
DistanceOrColor,BLUE330,3300,BLUE
DistanceOrColor,BLUE331,3310,BLUE
DistanceOrColor,BLUE332,3320,BLUE
DistanceOrColor,BLUE333,3330,BLUE
DistanceOrColor,BLUE334,3340,BLUE
DistanceOrColor,BLUE335,3350,BLUE
DistanceOrColor,BLUE336,3360,BLUE
DistanceOrColor,BLUE337,3370,BLUE
DistanceOrColor,BLUE338,3380,BLUE
DistanceOrColor,BLUE339,3390,BLUE
DistanceOrColor,BLUE340,3400,BLUE
DistanceOrColor,BLUE341,3410,BLUE
DistanceOrColor,BLUE342,3420,BLUE
DistanceOrColor,BLUE343,3430,BLUE
DistanceOrColor,BLUE344,3440,BLUE
DistanceOrColor,BLUE345,3450,BLUE
DistanceOrColor,BLUE346,3460,BLUE
DistanceOrColor,BLUE347,3470,BLUE
DistanceOrColor,BLUE348,3480,BLUE
DistanceOrColor,BLUE349,3490,BLUE
DistanceOrColor,BLUE350,3500,BLUE
DistanceOrColor,BLUE351,3510,BLUE
DistanceOrColor,BLUE352,3520,BLUE
DistanceOrColor,BLUE353,3530,BLUE
DistanceOrColor,BLUE354,3540,BLUE
DistanceOrColor,BLUE355,3550,BLUE
DistanceOrColor,BLUE356,3560,BLUE
DistanceOrColor,BLUE357,3570,BLUE
DistanceOrColor,BLUE358,3580,BLUE
DistanceOrColor,BLUE359,3590,BLUE
DistanceOrColor,BLUE360,3600,BLUE
DistanceOrColor,BLUE361,3610,BLUE
DistanceOrColor,BLUE362,3620,BLUE
DistanceOrColor,BLUE363,3630,BLUE
DistanceOrColor,BLUE364,3640,BLUE
DistanceOrColor,BLUE365,3650,BLUE
DistanceOrColor,BLUE366,3660,BLUE
DistanceOrColor,BLUE367,3670,BLUE
DistanceOrColor,BLUE368,3680,BLUE
DistanceOrColor,BLUE369,3690,BLUE
DistanceOrColor,BLUE370,3700,BLUE
DistanceOrColor,BLUE371,3710,BLUE
DistanceOrColor,BLUE372,3720,BLUE
DistanceOrColor,BLUE373,3730,BLUE
DistanceOrColor,BLUE374,3740,BLUE
DistanceOrColor,BLUE375,3750,BLUE
DistanceOrColor,BLUE376,3760,BLUE
DistanceOrColor,BLUE377,3770,BLUE
DistanceOrColor,BLUE378,3780,BLUE
DistanceOrColor,BLUE379,3790,BLUE
DistanceOrColor,BLUE380,3800,BLUE
DistanceOrColor,BLUE381,3810,BLUE
DistanceOrColor,BLUE382,3820,BLUE
DistanceOrColor,BLUE383,3830,BLUE
DistanceOrColor,BLUE384,3840,BLUE
DistanceOrColor,BLUE385,3850,BLUE
DistanceOrColor,BLUE386,3860,BLUE
DistanceOrColor,BLUE387,3870,BLUE
DistanceOrColor,BLUE388,3880,BLUE
DistanceOrColor,BLUE389,3890,BLUE
DistanceOrColor,BLUE390,3900,BLUE
DistanceOrColor,BLUE391,3910,BLUE
DistanceOrColor,BLUE392,3920,BLUE
DistanceOrColor,BLUE393,3930,BLUE
DistanceOrColor,BLUE394,3940,BLUE
DistanceOrColor,BLUE395,3950,BLUE
DistanceOrColor,BLUE396,3960,BLUE
DistanceOrColor,BLUE397,3970,BLUE
DistanceOrColor,BLUE398,3980,BLUE
DistanceOrColor,BLUE399,3990,BLUE
DistanceOrColor,BLUE400,4000,BLUE
DistanceOrColor,BLUE401,4010,BLUE
DistanceOrColor,BLUE402,4020,BLUE
DistanceOrColor,BLUE403,4030,BLUE
DistanceOrColor,BLUE404,4040,BLUE
DistanceOrColor,BLUE405,4050,BLUE
DistanceOrColor,BLUE406,4060,BLUE
DistanceOrColor,BLUE407,4070,BLUE
DistanceOrColor,BLUE408,4080,BLUE
DistanceOrColor,BLUE409,4090,BLUE
DistanceOrColor,BLUE410,4100,BLUE
DistanceOrColor,BLUE411,4110,BLUE
DistanceOrColor,BLUE412,4120,BLUE
DistanceOrColor,BLUE413,4130,BLUE
DistanceOrColor,BLUE414,4140,BLUE
DistanceOrColor,BLUE415,4150,BLUE
DistanceOrColor,BLUE416,4160,BLUE
DistanceOrColor,BLUE417,4170,BLUE
DistanceOrColor,BLUE418,4180,BLUE
DistanceOrColor,BLUE419,4190,BLUE
DistanceOrColor,BLUE420,4200,BLUE
DistanceOrColor,BLUE421,4210,BLUE
DistanceOrColor,BLUE422,4220,BLUE
DistanceOrColor,BLUE423,4230,BLUE
DistanceOrColor,BLUE424,4240,BLUE
DistanceOrColor,BLUE425,4250,BLUE
DistanceOrColor,BLUE426,4260,BLUE
DistanceOrColor,BLUE427,4270,BLUE
DistanceOrColor,BLUE428,4280,BLUE
DistanceOrColor,BLUE429,4290,BLUE
DistanceOrColor,BLUE430,4300,BLUE
DistanceOrColor,BLUE431,4310,BLUE
DistanceOrColor,BLUE432,4320,BLUE
DistanceOrColor,BLUE433,4330,BLUE
DistanceOrColor,BLUE434,4340,BLUE
DistanceOrColor,BLUE435,4350,BLUE
DistanceOrColor,BLUE436,4360,BLUE
DistanceOrColor,BLUE437,4370,BLUE
DistanceOrColor,BLUE438,4380,BLUE
DistanceOrColor,BLUE439,4390,BLUE
DistanceOrColor,BLUE440,4400,BLUE
DistanceOrColor,BLUE441,4410,BLUE
DistanceOrColor,BLUE442,4420,BLUE
DistanceOrColor,BLUE443,4430,BLUE
DistanceOrColor,BLUE444,4440,BLUE
DistanceOrColor,BLUE445,4450,BLUE
DistanceOrColor,BLUE446,4460,BLUE
DistanceOrColor,BLUE447,4470,BLUE
DistanceOrColor,BLUE448,4480,BLUE
DistanceOrColor,BLUE449,4490,BLUE
DistanceOrColor,BLUE450,4500,BLUE
DistanceOrColor,BLUE451,4510,BLUE
DistanceOrColor,BLUE452,4520,BLUE
DistanceOrColor,BLUE453,4530,BLUE
DistanceOrColor,BLUE454,4540,BLUE
DistanceOrColor,BLUE455,4550,BLUE
DistanceOrColor,BLUE456,4560,BLUE
DistanceOrColor,BLUE457,4570,BLUE
DistanceOrColor,BLUE458,4580,BLUE
DistanceOrColor,BLUE459,4590,BLUE
DistanceOrColor,BLUE460,4600,BLUE
DistanceOrColor,BLUE461,4610,BLUE
DistanceOrColor,BLUE462,4620,BLUE
DistanceOrColor,BLUE463,4630,BLUE
DistanceOrColor,BLUE464,4640,BLUE
DistanceOrColor,BLUE465,4650,BLUE
DistanceOrColor,BLUE466,4660,BLUE
DistanceOrColor,BLUE467,4670,BLUE
DistanceOrColor,BLUE468,4680,BLUE
DistanceOrColor,BLUE469,4690,BLUE
DistanceOrColor,BLUE470,4700,BLUE
DistanceOrColor,BLUE471,4710,BLUE
DistanceOrColor,BLUE472,4720,BLUE
DistanceOrColor,BLUE473,4730,BLUE
DistanceOrColor,BLUE474,4740,BLUE
DistanceOrColor,BLUE475,4750,BLUE
DistanceOrColor,BLUE476,4760,BLUE
DistanceOrColor,BLUE477,4770,BLUE
DistanceOrColor,BLUE478,4780,BLUE
DistanceOrColor,BLUE479,4790,BLUE
DistanceOrColor,BLUE480,4800,BLUE
DistanceOrColor,BLUE481,4810,BLUE
DistanceOrColor,BLUE482,4820,BLUE
DistanceOrColor,BLUE483,4830,BLUE
DistanceOrColor,BLUE484,4840,BLUE
DistanceOrColor,BLUE485,4850,BLUE
DistanceOrColor,BLUE486,4860,BLUE
DistanceOrColor,BLUE487,4870,BLUE
DistanceOrColor,BLUE488,4880,BLUE
DistanceOrColor,BLUE489,4890,BLUE
DistanceOrColor,BLUE490,4900,BLUE
DistanceOrColor,BLUE491,4910,BLUE
DistanceOrColor,BLUE492,4920,BLUE
DistanceOrColor,BLUE493,4930,BLUE
DistanceOrColor,BLUE494,4940,BLUE
DistanceOrColor,BLUE495,4950,BLUE
DistanceOrColor,BLUE496,4960,BLUE
DistanceOrColor,BLUE497,4970,BLUE
DistanceOrColor,BLUE498,4980,BLUE
DistanceOrColor,BLUE499,4990,BLUE
DistanceOrColor,BLUE500,5000,BLUE
DistanceOrColor,BLUE501,5010,BLUE
DistanceOrColor,BLUE502,5020,BLUE
DistanceOrColor,BLUE503,5030,BLUE
DistanceOrColor,BLUE504,5040,BLUE
DistanceOrColor,BLUE505,5050,BLUE
DistanceOrColor,BLUE506,5060,BLUE
DistanceOrColor,BLUE507,5070,BLUE
DistanceOrColor,BLUE508,5080,BLUE
DistanceOrColor,BLUE509,5090,BLUE
DistanceOrColor,BLUE510,5100,BLUE
DistanceOrColor,BLUE511,5110,BLUE
DistanceOrColor,BLUE512,5120,BLUE
DistanceOrColor,BLUE513,5130,BLUE
DistanceOrColor,BLUE514,5140,BLUE
DistanceOrColor,BLUE515,5150,BLUE
DistanceOrColor,BLUE516,5160,BLUE
DistanceOrColor,BLUE517,5170,BLUE
DistanceOrColor,BLUE518,5180,BLUE
DistanceOrColor,BLUE519,5190,BLUE
DistanceOrColor,BLUE520,5200,BLUE
DistanceOrColor,BLUE521,5210,BLUE
DistanceOrColor,BLUE522,5220,BLUE
DistanceOrColor,BLUE523,5230,BLUE
DistanceOrColor,BLUE524,5240,BLUE
DistanceOrColor,BLUE525,5250,BLUE
DistanceOrColor,BLUE526,5260,BLUE
DistanceOrColor,BLUE527,5270,BLUE
DistanceOrColor,BLUE528,5280,BLUE
DistanceOrColor,BLUE529,5290,BLUE
DistanceOrColor,BLUE530,5300,BLUE
DistanceOrColor,BLUE531,5310,BLUE
DistanceOrColor,BLUE532,5320,BLUE
DistanceOrColor,BLUE533,5330,BLUE
DistanceOrColor,BLUE534,5340,BLUE
DistanceOrColor,BLUE535,5350,BLUE
DistanceOrColor,BLUE536,5360,BLUE
DistanceOrColor,BLUE537,5370,BLUE
DistanceOrColor,BLUE538,5380,BLUE
DistanceOrColor,BLUE539,5390,BLUE
DistanceOrColor,BLUE540,5400,BLUE
DistanceOrColor,BLUE541,5410,BLUE
DistanceOrColor,BLUE542,5420,BLUE
DistanceOrColor,BLUE543,5430,BLUE
DistanceOrColor,BLUE544,5440,BLUE
DistanceOrColor,BLUE545,5450,BLUE
DistanceOrColor,BLUE546,5460,BLUE
DistanceOrColor,BLUE547,5470,BLUE
DistanceOrColor,BLUE548,5480,BLUE
DistanceOrColor,BLUE549,5490,BLUE
DistanceOrColor,BLUE550,5500,BLUE
DistanceOrColor,BLUE551,5510,BLUE
DistanceOrColor,BLUE552,5520,BLUE
DistanceOrColor,BLUE553,5530,BLUE
DistanceOrColor,BLUE554,5540,BLUE
DistanceOrColor,BLUE555,5550,BLUE
DistanceOrColor,BLUE556,5560,BLUE
DistanceOrColor,BLUE557,5570,BLUE
DistanceOrColor,BLUE558,5580,BLUE
DistanceOrColor,BLUE559,5590,BLUE
DistanceOrColor,BLUE560,5600,BLUE
DistanceOrColor,BLUE561,5610,BLUE
DistanceOrColor,BLUE562,5620,BLUE
DistanceOrColor,BLUE563,5630,BLUE
DistanceOrColor,BLUE564,5640,BLUE
DistanceOrColor,BLUE565,5650,BLUE
DistanceOrColor,BLUE566,5660,BLUE
DistanceOrColor,BLUE567,5670,BLUE
DistanceOrColor,BLUE568,5680,BLUE
DistanceOrColor,BLUE569,5690,BLUE
DistanceOrColor,BLUE570,5700,BLUE
DistanceOrColor,BLUE571,5710,BLUE
DistanceOrColor,BLUE572,5720,BLUE
DistanceOrColor,BLUE573,5730,BLUE
DistanceOrColor,BLUE574,5740,BLUE
DistanceOrColor,BLUE575,5750,BLUE
DistanceOrColor,BLUE576,5760,BLUE
DistanceOrColor,BLUE577,5770,BLUE
DistanceOrColor,BLUE578,5780,BLUE
DistanceOrColor,BLUE579,5790,BLUE
DistanceOrColor,BLUE580,5800,BLUE
DistanceOrColor,BLUE581,5810,BLUE
DistanceOrColor,BLUE582,5820,BLUE
DistanceOrColor,BLUE583,5830,BLUE
DistanceOrColor,BLUE584,5840,BLUE
DistanceOrColor,BLUE585,5850,BLUE
DistanceOrColor,BLUE586,5860,BLUE
DistanceOrColor,BLUE587,5870,BLUE
DistanceOrColor,BLUE588,5880,BLUE
DistanceOrColor,BLUE589,5890,BLUE
DistanceOrColor,BLUE590,5900,BLUE
DistanceOrColor,BLUE591,5910,BLUE
DistanceOrColor,BLUE592,5920,BLUE
DistanceOrColor,BLUE593,5930,BLUE
DistanceOrColor,BLUE594,5940,BLUE
DistanceOrColor,BLUE595,5950,BLUE
DistanceOrColor,BLUE596,5960,BLUE
DistanceOrColor,BLUE597,5970,BLUE
DistanceOrColor,BLUE598,5980,BLUE
DistanceOrColor,BLUE599,5990,BLUE
DistanceOrColor,BLUE600,6000,BLUE
DistanceOrColor,BLUE601,6010,BLUE
DistanceOrColor,BLUE602,6020,BLUE
DistanceOrColor,BLUE603,6030,BLUE
DistanceOrColor,BLUE604,6040,BLUE
DistanceOrColor,BLUE605,6050,BLUE
DistanceOrColor,BLUE606,6060,BLUE
DistanceOrColor,BLUE607,6070,BLUE
DistanceOrColor,BLUE608,6080,BLUE
DistanceOrColor,BLUE609,6090,BLUE
DistanceOrColor,BLUE610,6100,BLUE
DistanceOrColor,BLUE611,6110,BLUE
DistanceOrColor,BLUE612,6120,BLUE
DistanceOrColor,BLUE613,6130,BLUE
DistanceOrColor,BLUE614,6140,BLUE
DistanceOrColor,BLUE615,6150,BLUE
DistanceOrColor,BLUE616,6160,BLUE
DistanceOrColor,BLUE617,6170,BLUE
DistanceOrColor,BLUE618,6180,BLUE
DistanceOrColor,BLUE619,6190,BLUE
DistanceOrColor,BLUE620,6200,BLUE
DistanceOrColor,BLUE621,6210,BLUE
DistanceOrColor,BLUE622,6220,BLUE
DistanceOrColor,BLUE623,6230,BLUE
DistanceOrColor,BLUE624,6240,BLUE
DistanceOrColor,BLUE625,6250,BLUE
DistanceOrColor,BLUE626,6260,BLUE
DistanceOrColor,BLUE627,6270,BLUE
DistanceOrColor,BLUE628,6280,BLUE
DistanceOrColor,BLUE629,6290,BLUE
DistanceOrColor,BLUE630,6300,BLUE
DistanceOrColor,BLUE631,6310,BLUE
DistanceOrColor,BLUE632,6320,BLUE
DistanceOrColor,BLUE633,6330,BLUE
DistanceOrColor,BLUE634,6340,BLUE
DistanceOrColor,BLUE635,6350,BLUE
DistanceOrColor,BLUE636,6360,BLUE
DistanceOrColor,BLUE637,6370,BLUE
DistanceOrColor,BLUE638,6380,BLUE
DistanceOrColor,BLUE639,6390,BLUE
DistanceOrColor,BLUE640,6400,BLUE
DistanceOrColor,BLUE641,6410,BLUE
DistanceOrColor,BLUE642,6420,BLUE
DistanceOrColor,BLUE643,6430,BLUE
DistanceOrColor,BLUE644,6440,BLUE
DistanceOrColor,BLUE645,6450,BLUE
DistanceOrColor,BLUE646,6460,BLUE
DistanceOrColor,BLUE647,6470,BLUE
DistanceOrColor,BLUE648,6480,BLUE
DistanceOrColor,BLUE649,6490,BLUE
DistanceOrColor,BLUE650,6500,BLUE
DistanceOrColor,BLUE651,6510,BLUE
DistanceOrColor,BLUE652,6520,BLUE
DistanceOrColor,BLUE653,6530,BLUE
DistanceOrColor,BLUE654,6540,BLUE
DistanceOrColor,BLUE655,6550,BLUE
DistanceOrColor,BLUE656,6560,BLUE
DistanceOrColor,BLUE657,6570,BLUE
DistanceOrColor,BLUE658,6580,BLUE
DistanceOrColor,BLUE659,6590,BLUE
DistanceOrColor,BLUE660,6600,BLUE
DistanceOrColor,BLUE661,6610,BLUE
DistanceOrColor,BLUE662,6620,BLUE
DistanceOrColor,BLUE663,6630,BLUE
DistanceOrColor,BLUE664,6640,BLUE
DistanceOrColor,BLUE665,6650,BLUE
DistanceOrColor,BLUE666,6660,BLUE
DistanceOrColor,BLUE667,6670,BLUE
DistanceOrColor,BLUE668,6680,BLUE
DistanceOrColor,BLUE669,6690,BLUE
DistanceOrColor,BLUE670,6700,BLUE
DistanceOrColor,BLUE671,6710,BLUE
DistanceOrColor,BLUE672,6720,BLUE
DistanceOrColor,BLUE673,6730,BLUE
DistanceOrColor,BLUE674,6740,BLUE
DistanceOrColor,BLUE675,6750,BLUE
DistanceOrColor,BLUE676,6760,BLUE
DistanceOrColor,BLUE677,6770,BLUE
DistanceOrColor,BLUE678,6780,BLUE
DistanceOrColor,BLUE679,6790,BLUE
DistanceOrColor,BLUE680,6800,BLUE
DistanceOrColor,BLUE681,6810,BLUE
DistanceOrColor,BLUE682,6820,BLUE
DistanceOrColor,BLUE683,6830,BLUE
DistanceOrColor,BLUE684,6840,BLUE
DistanceOrColor,BLUE685,6850,BLUE
DistanceOrColor,BLUE686,6860,BLUE
DistanceOrColor,BLUE687,6870,BLUE
DistanceOrColor,BLUE688,6880,BLUE
DistanceOrColor,BLUE689,6890,BLUE
DistanceOrColor,BLUE690,6900,BLUE
DistanceOrColor,BLUE691,6910,BLUE
DistanceOrColor,BLUE692,6920,BLUE
DistanceOrColor,BLUE693,6930,BLUE
DistanceOrColor,BLUE694,6940,BLUE
DistanceOrColor,BLUE695,6950,BLUE
DistanceOrColor,BLUE696,6960,BLUE
DistanceOrColor,BLUE697,6970,BLUE
DistanceOrColor,BLUE698,6980,BLUE
DistanceOrColor,BLUE699,6990,BLUE
DistanceOrColor,BLUE700,7000,BLUE
DistanceOrColor,BLUE701,7010,BLUE
DistanceOrColor,BLUE702,7020,BLUE
DistanceOrColor,BLUE703,7030,BLUE
DistanceOrColor,BLUE704,7040,BLUE
DistanceOrColor,BLUE705,7050,BLUE
DistanceOrColor,BLUE706,7060,BLUE
DistanceOrColor,BLUE707,7070,BLUE
DistanceOrColor,BLUE708,7080,BLUE
DistanceOrColor,BLUE709,7090,BLUE
DistanceOrColor,BLUE710,7100,BLUE
DistanceOrColor,BLUE711,7110,BLUE
DistanceOrColor,BLUE712,7120,BLUE
DistanceOrColor,BLUE713,7130,BLUE
DistanceOrColor,BLUE714,7140,BLUE
DistanceOrColor,BLUE715,7150,BLUE
DistanceOrColor,BLUE716,7160,BLUE
DistanceOrColor,BLUE717,7170,BLUE
DistanceOrColor,BLUE718,7180,BLUE
DistanceOrColor,BLUE719,7190,BLUE
DistanceOrColor,BLUE720,7200,BLUE
DistanceOrColor,BLUE721,7210,BLUE
DistanceOrColor,BLUE722,7220,BLUE
DistanceOrColor,BLUE723,7230,BLUE
DistanceOrColor,BLUE724,7240,BLUE
DistanceOrColor,BLUE725,7250,BLUE
DistanceOrColor,BLUE726,7260,BLUE
DistanceOrColor,BLUE727,7270,BLUE
DistanceOrColor,BLUE728,7280,BLUE
DistanceOrColor,BLUE729,7290,BLUE
DistanceOrColor,BLUE730,7300,BLUE
DistanceOrColor,BLUE731,7310,BLUE
DistanceOrColor,BLUE732,7320,BLUE
DistanceOrColor,BLUE733,7330,BLUE
DistanceOrColor,BLUE734,7340,BLUE
DistanceOrColor,BLUE735,7350,BLUE
DistanceOrColor,BLUE736,7360,BLUE
DistanceOrColor,BLUE737,7370,BLUE
DistanceOrColor,BLUE738,7380,BLUE
DistanceOrColor,BLUE739,7390,BLUE
DistanceOrColor,BLUE740,7400,BLUE
DistanceOrColor,BLUE741,7410,BLUE
DistanceOrColor,BLUE742,7420,BLUE
DistanceOrColor,BLUE743,7430,BLUE
DistanceOrColor,BLUE744,7440,BLUE
DistanceOrColor,BLUE745,7450,BLUE
DistanceOrColor,BLUE746,7460,BLUE
DistanceOrColor,BLUE747,7470,BLUE
DistanceOrColor,BLUE748,7480,BLUE
DistanceOrColor,BLUE749,7490,BLUE
DistanceOrColor,BLUE750,7500,BLUE
DistanceOrColor,BLUE751,7510,BLUE
DistanceOrColor,BLUE752,7520,BLUE
DistanceOrColor,BLUE753,7530,BLUE
DistanceOrColor,BLUE754,7540,BLUE
DistanceOrColor,BLUE755,7550,BLUE
DistanceOrColor,BLUE756,7560,BLUE
DistanceOrColor,BLUE757,7570,BLUE
DistanceOrColor,BLUE758,7580,BLUE
DistanceOrColor,BLUE759,7590,BLUE
DistanceOrColor,BLUE760,7600,BLUE
DistanceOrColor,BLUE761,7610,BLUE
DistanceOrColor,BLUE762,7620,BLUE
DistanceOrColor,BLUE763,7630,BLUE
DistanceOrColor,BLUE764,7640,BLUE
DistanceOrColor,BLUE765,7650,BLUE
DistanceOrColor,BLUE766,7660,BLUE
DistanceOrColor,BLUE767,7670,BLUE
DistanceOrColor,BLUE768,7680,BLUE
DistanceOrColor,BLUE769,7690,BLUE
DistanceOrColor,BLUE770,7700,BLUE
DistanceOrColor,BLUE771,7710,BLUE
DistanceOrColor,BLUE772,7720,BLUE
DistanceOrColor,BLUE773,7730,BLUE
DistanceOrColor,BLUE774,7740,BLUE
DistanceOrColor,BLUE775,7750,BLUE
DistanceOrColor,BLUE776,7760,BLUE
DistanceOrColor,BLUE777,7770,BLUE
DistanceOrColor,BLUE778,7780,BLUE
DistanceOrColor,BLUE779,7790,BLUE
DistanceOrColor,BLUE780,7800,BLUE
DistanceOrColor,BLUE781,7810,BLUE
DistanceOrColor,BLUE782,7820,BLUE
DistanceOrColor,BLUE783,7830,BLUE
DistanceOrColor,BLUE784,7840,BLUE
DistanceOrColor,BLUE785,7850,BLUE
DistanceOrColor,BLUE786,7860,BLUE
DistanceOrColor,BLUE787,7870,BLUE
DistanceOrColor,BLUE788,7880,BLUE
DistanceOrColor,BLUE789,7890,BLUE
DistanceOrColor,BLUE790,7900,BLUE
DistanceOrColor,BLUE791,7910,BLUE
DistanceOrColor,BLUE792,7920,BLUE
DistanceOrColor,BLUE793,7930,BLUE
DistanceOrColor,BLUE794,7940,BLUE
DistanceOrColor,BLUE795,7950,BLUE
DistanceOrColor,BLUE796,7960,BLUE
DistanceOrColor,BLUE797,7970,BLUE
DistanceOrColor,BLUE798,7980,BLUE
DistanceOrColor,BLUE799,7990,BLUE
DistanceOrColor,BLUE800,8000,BLUE
DistanceOrColor,BLUE801,8010,BLUE
DistanceOrColor,BLUE802,8020,BLUE
DistanceOrColor,BLUE803,8030,BLUE
DistanceOrColor,BLUE804,8040,BLUE
DistanceOrColor,BLUE805,8050,BLUE
DistanceOrColor,BLUE806,8060,BLUE
DistanceOrColor,BLUE807,8070,BLUE
DistanceOrColor,BLUE808,8080,BLUE
DistanceOrColor,BLUE809,8090,BLUE
DistanceOrColor,BLUE810,8100,BLUE
DistanceOrColor,BLUE811,8110,BLUE
DistanceOrColor,BLUE812,8120,BLUE
DistanceOrColor,BLUE813,8130,BLUE
DistanceOrColor,BLUE814,8140,BLUE
DistanceOrColor,BLUE815,8150,BLUE
DistanceOrColor,BLUE816,8160,BLUE
DistanceOrColor,BLUE817,8170,BLUE
DistanceOrColor,BLUE818,8180,BLUE
DistanceOrColor,BLUE819,8190,BLUE
DistanceOrColor,BLUE820,8200,BLUE
DistanceOrColor,BLUE821,8210,BLUE
DistanceOrColor,BLUE822,8220,BLUE
DistanceOrColor,BLUE823,8230,BLUE
DistanceOrColor,BLUE824,8240,BLUE
DistanceOrColor,BLUE825,8250,BLUE
DistanceOrColor,BLUE826,8260,BLUE
DistanceOrColor,BLUE827,8270,BLUE
DistanceOrColor,BLUE828,8280,BLUE
DistanceOrColor,BLUE829,8290,BLUE
DistanceOrColor,BLUE830,8300,BLUE
DistanceOrColor,BLUE831,8310,BLUE
DistanceOrColor,BLUE832,8320,BLUE
DistanceOrColor,BLUE833,8330,BLUE
DistanceOrColor,BLUE834,8340,BLUE
DistanceOrColor,BLUE835,8350,BLUE
DistanceOrColor,BLUE836,8360,BLUE
DistanceOrColor,BLUE837,8370,BLUE
DistanceOrColor,BLUE838,8380,BLUE
DistanceOrColor,BLUE839,8390,BLUE
DistanceOrColor,BLUE840,8400,BLUE
DistanceOrColor,BLUE841,8410,BLUE
DistanceOrColor,BLUE842,8420,BLUE
DistanceOrColor,BLUE843,8430,BLUE
DistanceOrColor,BLUE844,8440,BLUE
DistanceOrColor,BLUE845,8450,BLUE
DistanceOrColor,BLUE846,8460,BLUE
DistanceOrColor,BLUE847,8470,BLUE
DistanceOrColor,BLUE848,8480,BLUE
DistanceOrColor,BLUE849,8490,BLUE
DistanceOrColor,BLUE850,8500,BLUE
DistanceOrColor,BLUE851,8510,BLUE
DistanceOrColor,BLUE852,8520,BLUE
DistanceOrColor,BLUE853,8530,BLUE
DistanceOrColor,BLUE854,8540,BLUE
DistanceOrColor,BLUE855,8550,BLUE
DistanceOrColor,BLUE856,8560,BLUE
DistanceOrColor,BLUE857,8570,BLUE
DistanceOrColor,BLUE858,8580,BLUE
DistanceOrColor,BLUE859,8590,BLUE
DistanceOrColor,BLUE860,8600,BLUE
DistanceOrColor,BLUE861,8610,BLUE
DistanceOrColor,BLUE862,8620,BLUE
DistanceOrColor,BLUE863,8630,BLUE
DistanceOrColor,BLUE864,8640,BLUE
DistanceOrColor,BLUE865,8650,BLUE
DistanceOrColor,BLUE866,8660,BLUE
DistanceOrColor,BLUE867,8670,BLUE
DistanceOrColor,BLUE868,8680,BLUE
DistanceOrColor,BLUE869,8690,BLUE
DistanceOrColor,BLUE870,8700,BLUE
DistanceOrColor,BLUE871,8710,BLUE
DistanceOrColor,BLUE872,8720,BLUE
DistanceOrColor,BLUE873,8730,BLUE
DistanceOrColor,BLUE874,8740,BLUE
DistanceOrColor,BLUE875,8750,BLUE
DistanceOrColor,BLUE876,8760,BLUE
DistanceOrColor,BLUE877,8770,BLUE
DistanceOrColor,BLUE878,8780,BLUE
DistanceOrColor,BLUE879,8790,BLUE
DistanceOrColor,BLUE880,8800,BLUE
DistanceOrColor,BLUE881,8810,BLUE
DistanceOrColor,BLUE882,8820,BLUE
DistanceOrColor,BLUE883,8830,BLUE
DistanceOrColor,BLUE884,8840,BLUE
DistanceOrColor,BLUE885,8850,BLUE
DistanceOrColor,BLUE886,8860,BLUE
DistanceOrColor,BLUE887,8870,BLUE
DistanceOrColor,BLUE888,8880,BLUE
DistanceOrColor,BLUE889,8890,BLUE
DistanceOrColor,BLUE890,8900,BLUE
DistanceOrColor,BLUE891,8910,BLUE
DistanceOrColor,BLUE892,8920,BLUE
DistanceOrColor,BLUE893,8930,BLUE
DistanceOrColor,BLUE894,8940,BLUE
DistanceOrColor,BLUE895,8950,BLUE
DistanceOrColor,BLUE896,8960,BLUE
DistanceOrColor,BLUE897,8970,BLUE
DistanceOrColor,BLUE898,8980,BLUE
DistanceOrColor,BLUE899,8990,BLUE
DistanceOrColor,BLUE900,9000,BLUE
DistanceOrColor,BLUE901,9010,BLUE
DistanceOrColor,BLUE902,9020,BLUE
DistanceOrColor,BLUE903,9030,BLUE
DistanceOrColor,BLUE904,9040,BLUE
DistanceOrColor,BLUE905,9050,BLUE
DistanceOrColor,BLUE906,9060,BLUE
DistanceOrColor,BLUE907,9070,BLUE
DistanceOrColor,BLUE908,9080,BLUE
DistanceOrColor,BLUE909,9090,BLUE
DistanceOrColor,BLUE910,9100,BLUE
DistanceOrColor,BLUE911,9110,BLUE
DistanceOrColor,BLUE912,9120,BLUE
DistanceOrColor,BLUE913,9130,BLUE
DistanceOrColor,BLUE914,9140,BLUE
DistanceOrColor,BLUE915,9150,BLUE
DistanceOrColor,BLUE916,9160,BLUE
DistanceOrColor,BLUE917,9170,BLUE
DistanceOrColor,BLUE918,9180,BLUE
DistanceOrColor,BLUE919,9190,BLUE
DistanceOrColor,BLUE920,9200,BLUE
DistanceOrColor,BLUE921,9210,BLUE
DistanceOrColor,BLUE922,9220,BLUE
DistanceOrColor,BLUE923,9230,BLUE
DistanceOrColor,BLUE924,9240,BLUE
DistanceOrColor,BLUE925,9250,BLUE
DistanceOrColor,BLUE926,9260,BLUE
DistanceOrColor,BLUE927,9270,BLUE
DistanceOrColor,BLUE928,9280,BLUE
DistanceOrColor,BLUE929,9290,BLUE
DistanceOrColor,BLUE930,9300,BLUE
DistanceOrColor,BLUE931,9310,BLUE
DistanceOrColor,BLUE932,9320,BLUE
DistanceOrColor,BLUE933,9330,BLUE
DistanceOrColor,BLUE934,9340,BLUE
DistanceOrColor,BLUE935,9350,BLUE
DistanceOrColor,BLUE936,9360,BLUE
DistanceOrColor,BLUE937,9370,BLUE
DistanceOrColor,BLUE938,9380,BLUE
DistanceOrColor,BLUE939,9390,BLUE
DistanceOrColor,BLUE940,9400,BLUE
DistanceOrColor,BLUE941,9410,BLUE
DistanceOrColor,BLUE942,9420,BLUE
DistanceOrColor,BLUE943,9430,BLUE
DistanceOrColor,BLUE944,9440,BLUE
DistanceOrColor,BLUE945,9450,BLUE
DistanceOrColor,BLUE946,9460,BLUE
DistanceOrColor,BLUE947,9470,BLUE
DistanceOrColor,BLUE948,9480,BLUE
DistanceOrColor,BLUE949,9490,BLUE
DistanceOrColor,BLUE950,9500,BLUE
DistanceOrColor,BLUE951,9510,BLUE
DistanceOrColor,BLUE952,9520,BLUE
DistanceOrColor,BLUE953,9530,BLUE
DistanceOrColor,BLUE954,9540,BLUE
DistanceOrColor,BLUE955,9550,BLUE
DistanceOrColor,BLUE956,9560,BLUE
DistanceOrColor,BLUE957,9570,BLUE
DistanceOrColor,BLUE958,9580,BLUE
DistanceOrColor,BLUE959,9590,BLUE
DistanceOrColor,BLUE960,9600,BLUE
DistanceOrColor,BLUE961,9610,BLUE
DistanceOrColor,BLUE962,9620,BLUE
DistanceOrColor,BLUE963,9630,BLUE
DistanceOrColor,BLUE964,9640,BLUE
DistanceOrColor,BLUE965,9650,BLUE
DistanceOrColor,BLUE966,9660,BLUE
DistanceOrColor,BLUE967,9670,BLUE
DistanceOrColor,BLUE968,9680,BLUE
DistanceOrColor,BLUE969,9690,BLUE
DistanceOrColor,BLUE970,9700,BLUE
DistanceOrColor,BLUE971,9710,BLUE
DistanceOrColor,BLUE972,9720,BLUE
DistanceOrColor,BLUE973,9730,BLUE
DistanceOrColor,BLUE974,9740,BLUE
DistanceOrColor,BLUE975,9750,BLUE
DistanceOrColor,BLUE976,9760,BLUE
DistanceOrColor,BLUE977,9770,BLUE
DistanceOrColor,BLUE978,9780,BLUE
DistanceOrColor,BLUE979,9790,BLUE
DistanceOrColor,BLUE980,9800,BLUE
DistanceOrColor,BLUE981,9810,BLUE
DistanceOrColor,BLUE982,9820,BLUE
DistanceOrColor,BLUE983,9830,BLUE
DistanceOrColor,BLUE984,9840,BLUE
DistanceOrColor,BLUE985,9850,BLUE
DistanceOrColor,BLUE986,9860,BLUE
DistanceOrColor,BLUE987,9870,BLUE
DistanceOrColor,BLUE988,9880,BLUE
DistanceOrColor,BLUE989,9890,BLUE
DistanceOrColor,BLUE990,9900,BLUE
DistanceOrColor,BLUE991,9910,BLUE
DistanceOrColor,BLUE992,9920,BLUE
DistanceOrColor,BLUE993,9930,BLUE
DistanceOrColor,BLUE994,9940,BLUE
DistanceOrColor,BLUE995,9950,BLUE
DistanceOrColor,BLUE996,9960,BLUE
DistanceOrColor,BLUE997,9970,BLUE
DistanceOrColor,BLUE998,9980,BLUE
DistanceOrColor,BLUE999,9990,BLUE









DistanceOrColor,YELLOW000,0,YELLOW
DistanceOrColor,YELLOW001,10,YELLOW
DistanceOrColor,YELLOW002,20,YELLOW
DistanceOrColor,YELLOW003,30,YELLOW
DistanceOrColor,YELLOW004,40,YELLOW
DistanceOrColor,YELLOW005,50,YELLOW
DistanceOrColor,YELLOW006,60,YELLOW
DistanceOrColor,YELLOW007,70,YELLOW
DistanceOrColor,YELLOW008,80,YELLOW
DistanceOrColor,YELLOW009,90,YELLOW
DistanceOrColor,YELLOW010,100,YELLOW
DistanceOrColor,YELLOW011,110,YELLOW
DistanceOrColor,YELLOW012,120,YELLOW
DistanceOrColor,YELLOW013,130,YELLOW
DistanceOrColor,YELLOW014,140,YELLOW
DistanceOrColor,YELLOW015,150,YELLOW
DistanceOrColor,YELLOW016,160,YELLOW
DistanceOrColor,YELLOW017,170,YELLOW
DistanceOrColor,YELLOW018,180,YELLOW
DistanceOrColor,YELLOW019,190,YELLOW
DistanceOrColor,YELLOW020,200,YELLOW
DistanceOrColor,YELLOW021,210,YELLOW
DistanceOrColor,YELLOW022,220,YELLOW
DistanceOrColor,YELLOW023,230,YELLOW
DistanceOrColor,YELLOW024,240,YELLOW
DistanceOrColor,YELLOW025,250,YELLOW
DistanceOrColor,YELLOW026,260,YELLOW
DistanceOrColor,YELLOW027,270,YELLOW
DistanceOrColor,YELLOW028,280,YELLOW
DistanceOrColor,YELLOW029,290,YELLOW
DistanceOrColor,YELLOW030,300,YELLOW
DistanceOrColor,YELLOW031,310,YELLOW
DistanceOrColor,YELLOW032,320,YELLOW
DistanceOrColor,YELLOW033,330,YELLOW
DistanceOrColor,YELLOW034,340,YELLOW
DistanceOrColor,YELLOW035,350,YELLOW
DistanceOrColor,YELLOW036,360,YELLOW
DistanceOrColor,YELLOW037,370,YELLOW
DistanceOrColor,YELLOW038,380,YELLOW
DistanceOrColor,YELLOW039,390,YELLOW
DistanceOrColor,YELLOW040,400,YELLOW
DistanceOrColor,YELLOW041,410,YELLOW
DistanceOrColor,YELLOW042,420,YELLOW
DistanceOrColor,YELLOW043,430,YELLOW
DistanceOrColor,YELLOW044,440,YELLOW
DistanceOrColor,YELLOW045,450,YELLOW
DistanceOrColor,YELLOW046,460,YELLOW
DistanceOrColor,YELLOW047,470,YELLOW
DistanceOrColor,YELLOW048,480,YELLOW
DistanceOrColor,YELLOW049,490,YELLOW
DistanceOrColor,YELLOW050,500,YELLOW
DistanceOrColor,YELLOW051,510,YELLOW
DistanceOrColor,YELLOW052,520,YELLOW
DistanceOrColor,YELLOW053,530,YELLOW
DistanceOrColor,YELLOW054,540,YELLOW
DistanceOrColor,YELLOW055,550,YELLOW
DistanceOrColor,YELLOW056,560,YELLOW
DistanceOrColor,YELLOW057,570,YELLOW
DistanceOrColor,YELLOW058,580,YELLOW
DistanceOrColor,YELLOW059,590,YELLOW
DistanceOrColor,YELLOW060,600,YELLOW
DistanceOrColor,YELLOW061,610,YELLOW
DistanceOrColor,YELLOW062,620,YELLOW
DistanceOrColor,YELLOW063,630,YELLOW
DistanceOrColor,YELLOW064,640,YELLOW
DistanceOrColor,YELLOW065,650,YELLOW
DistanceOrColor,YELLOW066,660,YELLOW
DistanceOrColor,YELLOW067,670,YELLOW
DistanceOrColor,YELLOW068,680,YELLOW
DistanceOrColor,YELLOW069,690,YELLOW
DistanceOrColor,YELLOW070,700,YELLOW
DistanceOrColor,YELLOW071,710,YELLOW
DistanceOrColor,YELLOW072,720,YELLOW
DistanceOrColor,YELLOW073,730,YELLOW
DistanceOrColor,YELLOW074,740,YELLOW
DistanceOrColor,YELLOW075,750,YELLOW
DistanceOrColor,YELLOW076,760,YELLOW
DistanceOrColor,YELLOW077,770,YELLOW
DistanceOrColor,YELLOW078,780,YELLOW
DistanceOrColor,YELLOW079,790,YELLOW
DistanceOrColor,YELLOW080,800,YELLOW
DistanceOrColor,YELLOW081,810,YELLOW
DistanceOrColor,YELLOW082,820,YELLOW
DistanceOrColor,YELLOW083,830,YELLOW
DistanceOrColor,YELLOW084,840,YELLOW
DistanceOrColor,YELLOW085,850,YELLOW
DistanceOrColor,YELLOW086,860,YELLOW
DistanceOrColor,YELLOW087,870,YELLOW
DistanceOrColor,YELLOW088,880,YELLOW
DistanceOrColor,YELLOW089,890,YELLOW
DistanceOrColor,YELLOW090,900,YELLOW
DistanceOrColor,YELLOW091,910,YELLOW
DistanceOrColor,YELLOW092,920,YELLOW
DistanceOrColor,YELLOW093,930,YELLOW
DistanceOrColor,YELLOW094,940,YELLOW
DistanceOrColor,YELLOW095,950,YELLOW
DistanceOrColor,YELLOW096,960,YELLOW
DistanceOrColor,YELLOW097,970,YELLOW
DistanceOrColor,YELLOW098,980,YELLOW
DistanceOrColor,YELLOW099,990,YELLOW
DistanceOrColor,YELLOW100,1000,YELLOW
DistanceOrColor,YELLOW101,1010,YELLOW
DistanceOrColor,YELLOW102,1020,YELLOW
DistanceOrColor,YELLOW103,1030,YELLOW
DistanceOrColor,YELLOW104,1040,YELLOW
DistanceOrColor,YELLOW105,1050,YELLOW
DistanceOrColor,YELLOW106,1060,YELLOW
DistanceOrColor,YELLOW107,1070,YELLOW
DistanceOrColor,YELLOW108,1080,YELLOW
DistanceOrColor,YELLOW109,1090,YELLOW
DistanceOrColor,YELLOW110,1100,YELLOW
DistanceOrColor,YELLOW111,1110,YELLOW
DistanceOrColor,YELLOW112,1120,YELLOW
DistanceOrColor,YELLOW113,1130,YELLOW
DistanceOrColor,YELLOW114,1140,YELLOW
DistanceOrColor,YELLOW115,1150,YELLOW
DistanceOrColor,YELLOW116,1160,YELLOW
DistanceOrColor,YELLOW117,1170,YELLOW
DistanceOrColor,YELLOW118,1180,YELLOW
DistanceOrColor,YELLOW119,1190,YELLOW
DistanceOrColor,YELLOW120,1200,YELLOW
DistanceOrColor,YELLOW121,1210,YELLOW
DistanceOrColor,YELLOW122,1220,YELLOW
DistanceOrColor,YELLOW123,1230,YELLOW
DistanceOrColor,YELLOW124,1240,YELLOW
DistanceOrColor,YELLOW125,1250,YELLOW
DistanceOrColor,YELLOW126,1260,YELLOW
DistanceOrColor,YELLOW127,1270,YELLOW
DistanceOrColor,YELLOW128,1280,YELLOW
DistanceOrColor,YELLOW129,1290,YELLOW
DistanceOrColor,YELLOW130,1300,YELLOW
DistanceOrColor,YELLOW131,1310,YELLOW
DistanceOrColor,YELLOW132,1320,YELLOW
DistanceOrColor,YELLOW133,1330,YELLOW
DistanceOrColor,YELLOW134,1340,YELLOW
DistanceOrColor,YELLOW135,1350,YELLOW
DistanceOrColor,YELLOW136,1360,YELLOW
DistanceOrColor,YELLOW137,1370,YELLOW
DistanceOrColor,YELLOW138,1380,YELLOW
DistanceOrColor,YELLOW139,1390,YELLOW
DistanceOrColor,YELLOW140,1400,YELLOW
DistanceOrColor,YELLOW141,1410,YELLOW
DistanceOrColor,YELLOW142,1420,YELLOW
DistanceOrColor,YELLOW143,1430,YELLOW
DistanceOrColor,YELLOW144,1440,YELLOW
DistanceOrColor,YELLOW145,1450,YELLOW
DistanceOrColor,YELLOW146,1460,YELLOW
DistanceOrColor,YELLOW147,1470,YELLOW
DistanceOrColor,YELLOW148,1480,YELLOW
DistanceOrColor,YELLOW149,1490,YELLOW
DistanceOrColor,YELLOW150,1500,YELLOW
DistanceOrColor,YELLOW151,1510,YELLOW
DistanceOrColor,YELLOW152,1520,YELLOW
DistanceOrColor,YELLOW153,1530,YELLOW
DistanceOrColor,YELLOW154,1540,YELLOW
DistanceOrColor,YELLOW155,1550,YELLOW
DistanceOrColor,YELLOW156,1560,YELLOW
DistanceOrColor,YELLOW157,1570,YELLOW
DistanceOrColor,YELLOW158,1580,YELLOW
DistanceOrColor,YELLOW159,1590,YELLOW
DistanceOrColor,YELLOW160,1600,YELLOW
DistanceOrColor,YELLOW161,1610,YELLOW
DistanceOrColor,YELLOW162,1620,YELLOW
DistanceOrColor,YELLOW163,1630,YELLOW
DistanceOrColor,YELLOW164,1640,YELLOW
DistanceOrColor,YELLOW165,1650,YELLOW
DistanceOrColor,YELLOW166,1660,YELLOW
DistanceOrColor,YELLOW167,1670,YELLOW
DistanceOrColor,YELLOW168,1680,YELLOW
DistanceOrColor,YELLOW169,1690,YELLOW
DistanceOrColor,YELLOW170,1700,YELLOW
DistanceOrColor,YELLOW171,1710,YELLOW
DistanceOrColor,YELLOW172,1720,YELLOW
DistanceOrColor,YELLOW173,1730,YELLOW
DistanceOrColor,YELLOW174,1740,YELLOW
DistanceOrColor,YELLOW175,1750,YELLOW
DistanceOrColor,YELLOW176,1760,YELLOW
DistanceOrColor,YELLOW177,1770,YELLOW
DistanceOrColor,YELLOW178,1780,YELLOW
DistanceOrColor,YELLOW179,1790,YELLOW
DistanceOrColor,YELLOW180,1800,YELLOW
DistanceOrColor,YELLOW181,1810,YELLOW
DistanceOrColor,YELLOW182,1820,YELLOW
DistanceOrColor,YELLOW183,1830,YELLOW
DistanceOrColor,YELLOW184,1840,YELLOW
DistanceOrColor,YELLOW185,1850,YELLOW
DistanceOrColor,YELLOW186,1860,YELLOW
DistanceOrColor,YELLOW187,1870,YELLOW
DistanceOrColor,YELLOW188,1880,YELLOW
DistanceOrColor,YELLOW189,1890,YELLOW
DistanceOrColor,YELLOW190,1900,YELLOW
DistanceOrColor,YELLOW191,1910,YELLOW
DistanceOrColor,YELLOW192,1920,YELLOW
DistanceOrColor,YELLOW193,1930,YELLOW
DistanceOrColor,YELLOW194,1940,YELLOW
DistanceOrColor,YELLOW195,1950,YELLOW
DistanceOrColor,YELLOW196,1960,YELLOW
DistanceOrColor,YELLOW197,1970,YELLOW
DistanceOrColor,YELLOW198,1980,YELLOW
DistanceOrColor,YELLOW199,1990,YELLOW
DistanceOrColor,YELLOW200,2000,YELLOW
DistanceOrColor,YELLOW201,2010,YELLOW
DistanceOrColor,YELLOW202,2020,YELLOW
DistanceOrColor,YELLOW203,2030,YELLOW
DistanceOrColor,YELLOW204,2040,YELLOW
DistanceOrColor,YELLOW205,2050,YELLOW
DistanceOrColor,YELLOW206,2060,YELLOW
DistanceOrColor,YELLOW207,2070,YELLOW
DistanceOrColor,YELLOW208,2080,YELLOW
DistanceOrColor,YELLOW209,2090,YELLOW
DistanceOrColor,YELLOW210,2100,YELLOW
DistanceOrColor,YELLOW211,2110,YELLOW
DistanceOrColor,YELLOW212,2120,YELLOW
DistanceOrColor,YELLOW213,2130,YELLOW
DistanceOrColor,YELLOW214,2140,YELLOW
DistanceOrColor,YELLOW215,2150,YELLOW
DistanceOrColor,YELLOW216,2160,YELLOW
DistanceOrColor,YELLOW217,2170,YELLOW
DistanceOrColor,YELLOW218,2180,YELLOW
DistanceOrColor,YELLOW219,2190,YELLOW
DistanceOrColor,YELLOW220,2200,YELLOW
DistanceOrColor,YELLOW221,2210,YELLOW
DistanceOrColor,YELLOW222,2220,YELLOW
DistanceOrColor,YELLOW223,2230,YELLOW
DistanceOrColor,YELLOW224,2240,YELLOW
DistanceOrColor,YELLOW225,2250,YELLOW
DistanceOrColor,YELLOW226,2260,YELLOW
DistanceOrColor,YELLOW227,2270,YELLOW
DistanceOrColor,YELLOW228,2280,YELLOW
DistanceOrColor,YELLOW229,2290,YELLOW
DistanceOrColor,YELLOW230,2300,YELLOW
DistanceOrColor,YELLOW231,2310,YELLOW
DistanceOrColor,YELLOW232,2320,YELLOW
DistanceOrColor,YELLOW233,2330,YELLOW
DistanceOrColor,YELLOW234,2340,YELLOW
DistanceOrColor,YELLOW235,2350,YELLOW
DistanceOrColor,YELLOW236,2360,YELLOW
DistanceOrColor,YELLOW237,2370,YELLOW
DistanceOrColor,YELLOW238,2380,YELLOW
DistanceOrColor,YELLOW239,2390,YELLOW
DistanceOrColor,YELLOW240,2400,YELLOW
DistanceOrColor,YELLOW241,2410,YELLOW
DistanceOrColor,YELLOW242,2420,YELLOW
DistanceOrColor,YELLOW243,2430,YELLOW
DistanceOrColor,YELLOW244,2440,YELLOW
DistanceOrColor,YELLOW245,2450,YELLOW
DistanceOrColor,YELLOW246,2460,YELLOW
DistanceOrColor,YELLOW247,2470,YELLOW
DistanceOrColor,YELLOW248,2480,YELLOW
DistanceOrColor,YELLOW249,2490,YELLOW
DistanceOrColor,YELLOW250,2500,YELLOW
DistanceOrColor,YELLOW251,2510,YELLOW
DistanceOrColor,YELLOW252,2520,YELLOW
DistanceOrColor,YELLOW253,2530,YELLOW
DistanceOrColor,YELLOW254,2540,YELLOW
DistanceOrColor,YELLOW255,2550,YELLOW
DistanceOrColor,YELLOW256,2560,YELLOW
DistanceOrColor,YELLOW257,2570,YELLOW
DistanceOrColor,YELLOW258,2580,YELLOW
DistanceOrColor,YELLOW259,2590,YELLOW
DistanceOrColor,YELLOW260,2600,YELLOW
DistanceOrColor,YELLOW261,2610,YELLOW
DistanceOrColor,YELLOW262,2620,YELLOW
DistanceOrColor,YELLOW263,2630,YELLOW
DistanceOrColor,YELLOW264,2640,YELLOW
DistanceOrColor,YELLOW265,2650,YELLOW
DistanceOrColor,YELLOW266,2660,YELLOW
DistanceOrColor,YELLOW267,2670,YELLOW
DistanceOrColor,YELLOW268,2680,YELLOW
DistanceOrColor,YELLOW269,2690,YELLOW
DistanceOrColor,YELLOW270,2700,YELLOW
DistanceOrColor,YELLOW271,2710,YELLOW
DistanceOrColor,YELLOW272,2720,YELLOW
DistanceOrColor,YELLOW273,2730,YELLOW
DistanceOrColor,YELLOW274,2740,YELLOW
DistanceOrColor,YELLOW275,2750,YELLOW
DistanceOrColor,YELLOW276,2760,YELLOW
DistanceOrColor,YELLOW277,2770,YELLOW
DistanceOrColor,YELLOW278,2780,YELLOW
DistanceOrColor,YELLOW279,2790,YELLOW
DistanceOrColor,YELLOW280,2800,YELLOW
DistanceOrColor,YELLOW281,2810,YELLOW
DistanceOrColor,YELLOW282,2820,YELLOW
DistanceOrColor,YELLOW283,2830,YELLOW
DistanceOrColor,YELLOW284,2840,YELLOW
DistanceOrColor,YELLOW285,2850,YELLOW
DistanceOrColor,YELLOW286,2860,YELLOW
DistanceOrColor,YELLOW287,2870,YELLOW
DistanceOrColor,YELLOW288,2880,YELLOW
DistanceOrColor,YELLOW289,2890,YELLOW
DistanceOrColor,YELLOW290,2900,YELLOW
DistanceOrColor,YELLOW291,2910,YELLOW
DistanceOrColor,YELLOW292,2920,YELLOW
DistanceOrColor,YELLOW293,2930,YELLOW
DistanceOrColor,YELLOW294,2940,YELLOW
DistanceOrColor,YELLOW295,2950,YELLOW
DistanceOrColor,YELLOW296,2960,YELLOW
DistanceOrColor,YELLOW297,2970,YELLOW
DistanceOrColor,YELLOW298,2980,YELLOW
DistanceOrColor,YELLOW299,2990,YELLOW
DistanceOrColor,YELLOW300,3000,YELLOW
DistanceOrColor,YELLOW301,3010,YELLOW
DistanceOrColor,YELLOW302,3020,YELLOW
DistanceOrColor,YELLOW303,3030,YELLOW
DistanceOrColor,YELLOW304,3040,YELLOW
DistanceOrColor,YELLOW305,3050,YELLOW
DistanceOrColor,YELLOW306,3060,YELLOW
DistanceOrColor,YELLOW307,3070,YELLOW
DistanceOrColor,YELLOW308,3080,YELLOW
DistanceOrColor,YELLOW309,3090,YELLOW
DistanceOrColor,YELLOW310,3100,YELLOW
DistanceOrColor,YELLOW311,3110,YELLOW
DistanceOrColor,YELLOW312,3120,YELLOW
DistanceOrColor,YELLOW313,3130,YELLOW
DistanceOrColor,YELLOW314,3140,YELLOW
DistanceOrColor,YELLOW315,3150,YELLOW
DistanceOrColor,YELLOW316,3160,YELLOW
DistanceOrColor,YELLOW317,3170,YELLOW
DistanceOrColor,YELLOW318,3180,YELLOW
DistanceOrColor,YELLOW319,3190,YELLOW
DistanceOrColor,YELLOW320,3200,YELLOW
DistanceOrColor,YELLOW321,3210,YELLOW
DistanceOrColor,YELLOW322,3220,YELLOW
DistanceOrColor,YELLOW323,3230,YELLOW
DistanceOrColor,YELLOW324,3240,YELLOW
DistanceOrColor,YELLOW325,3250,YELLOW
DistanceOrColor,YELLOW326,3260,YELLOW
DistanceOrColor,YELLOW327,3270,YELLOW
DistanceOrColor,YELLOW328,3280,YELLOW
DistanceOrColor,YELLOW329,3290,YELLOW
DistanceOrColor,YELLOW330,3300,YELLOW
DistanceOrColor,YELLOW331,3310,YELLOW
DistanceOrColor,YELLOW332,3320,YELLOW
DistanceOrColor,YELLOW333,3330,YELLOW
DistanceOrColor,YELLOW334,3340,YELLOW
DistanceOrColor,YELLOW335,3350,YELLOW
DistanceOrColor,YELLOW336,3360,YELLOW
DistanceOrColor,YELLOW337,3370,YELLOW
DistanceOrColor,YELLOW338,3380,YELLOW
DistanceOrColor,YELLOW339,3390,YELLOW
DistanceOrColor,YELLOW340,3400,YELLOW
DistanceOrColor,YELLOW341,3410,YELLOW
DistanceOrColor,YELLOW342,3420,YELLOW
DistanceOrColor,YELLOW343,3430,YELLOW
DistanceOrColor,YELLOW344,3440,YELLOW
DistanceOrColor,YELLOW345,3450,YELLOW
DistanceOrColor,YELLOW346,3460,YELLOW
DistanceOrColor,YELLOW347,3470,YELLOW
DistanceOrColor,YELLOW348,3480,YELLOW
DistanceOrColor,YELLOW349,3490,YELLOW
DistanceOrColor,YELLOW350,3500,YELLOW
DistanceOrColor,YELLOW351,3510,YELLOW
DistanceOrColor,YELLOW352,3520,YELLOW
DistanceOrColor,YELLOW353,3530,YELLOW
DistanceOrColor,YELLOW354,3540,YELLOW
DistanceOrColor,YELLOW355,3550,YELLOW
DistanceOrColor,YELLOW356,3560,YELLOW
DistanceOrColor,YELLOW357,3570,YELLOW
DistanceOrColor,YELLOW358,3580,YELLOW
DistanceOrColor,YELLOW359,3590,YELLOW
DistanceOrColor,YELLOW360,3600,YELLOW
DistanceOrColor,YELLOW361,3610,YELLOW
DistanceOrColor,YELLOW362,3620,YELLOW
DistanceOrColor,YELLOW363,3630,YELLOW
DistanceOrColor,YELLOW364,3640,YELLOW
DistanceOrColor,YELLOW365,3650,YELLOW
DistanceOrColor,YELLOW366,3660,YELLOW
DistanceOrColor,YELLOW367,3670,YELLOW
DistanceOrColor,YELLOW368,3680,YELLOW
DistanceOrColor,YELLOW369,3690,YELLOW
DistanceOrColor,YELLOW370,3700,YELLOW
DistanceOrColor,YELLOW371,3710,YELLOW
DistanceOrColor,YELLOW372,3720,YELLOW
DistanceOrColor,YELLOW373,3730,YELLOW
DistanceOrColor,YELLOW374,3740,YELLOW
DistanceOrColor,YELLOW375,3750,YELLOW
DistanceOrColor,YELLOW376,3760,YELLOW
DistanceOrColor,YELLOW377,3770,YELLOW
DistanceOrColor,YELLOW378,3780,YELLOW
DistanceOrColor,YELLOW379,3790,YELLOW
DistanceOrColor,YELLOW380,3800,YELLOW
DistanceOrColor,YELLOW381,3810,YELLOW
DistanceOrColor,YELLOW382,3820,YELLOW
DistanceOrColor,YELLOW383,3830,YELLOW
DistanceOrColor,YELLOW384,3840,YELLOW
DistanceOrColor,YELLOW385,3850,YELLOW
DistanceOrColor,YELLOW386,3860,YELLOW
DistanceOrColor,YELLOW387,3870,YELLOW
DistanceOrColor,YELLOW388,3880,YELLOW
DistanceOrColor,YELLOW389,3890,YELLOW
DistanceOrColor,YELLOW390,3900,YELLOW
DistanceOrColor,YELLOW391,3910,YELLOW
DistanceOrColor,YELLOW392,3920,YELLOW
DistanceOrColor,YELLOW393,3930,YELLOW
DistanceOrColor,YELLOW394,3940,YELLOW
DistanceOrColor,YELLOW395,3950,YELLOW
DistanceOrColor,YELLOW396,3960,YELLOW
DistanceOrColor,YELLOW397,3970,YELLOW
DistanceOrColor,YELLOW398,3980,YELLOW
DistanceOrColor,YELLOW399,3990,YELLOW
DistanceOrColor,YELLOW400,4000,YELLOW
DistanceOrColor,YELLOW401,4010,YELLOW
DistanceOrColor,YELLOW402,4020,YELLOW
DistanceOrColor,YELLOW403,4030,YELLOW
DistanceOrColor,YELLOW404,4040,YELLOW
DistanceOrColor,YELLOW405,4050,YELLOW
DistanceOrColor,YELLOW406,4060,YELLOW
DistanceOrColor,YELLOW407,4070,YELLOW
DistanceOrColor,YELLOW408,4080,YELLOW
DistanceOrColor,YELLOW409,4090,YELLOW
DistanceOrColor,YELLOW410,4100,YELLOW
DistanceOrColor,YELLOW411,4110,YELLOW
DistanceOrColor,YELLOW412,4120,YELLOW
DistanceOrColor,YELLOW413,4130,YELLOW
DistanceOrColor,YELLOW414,4140,YELLOW
DistanceOrColor,YELLOW415,4150,YELLOW
DistanceOrColor,YELLOW416,4160,YELLOW
DistanceOrColor,YELLOW417,4170,YELLOW
DistanceOrColor,YELLOW418,4180,YELLOW
DistanceOrColor,YELLOW419,4190,YELLOW
DistanceOrColor,YELLOW420,4200,YELLOW
DistanceOrColor,YELLOW421,4210,YELLOW
DistanceOrColor,YELLOW422,4220,YELLOW
DistanceOrColor,YELLOW423,4230,YELLOW
DistanceOrColor,YELLOW424,4240,YELLOW
DistanceOrColor,YELLOW425,4250,YELLOW
DistanceOrColor,YELLOW426,4260,YELLOW
DistanceOrColor,YELLOW427,4270,YELLOW
DistanceOrColor,YELLOW428,4280,YELLOW
DistanceOrColor,YELLOW429,4290,YELLOW
DistanceOrColor,YELLOW430,4300,YELLOW
DistanceOrColor,YELLOW431,4310,YELLOW
DistanceOrColor,YELLOW432,4320,YELLOW
DistanceOrColor,YELLOW433,4330,YELLOW
DistanceOrColor,YELLOW434,4340,YELLOW
DistanceOrColor,YELLOW435,4350,YELLOW
DistanceOrColor,YELLOW436,4360,YELLOW
DistanceOrColor,YELLOW437,4370,YELLOW
DistanceOrColor,YELLOW438,4380,YELLOW
DistanceOrColor,YELLOW439,4390,YELLOW
DistanceOrColor,YELLOW440,4400,YELLOW
DistanceOrColor,YELLOW441,4410,YELLOW
DistanceOrColor,YELLOW442,4420,YELLOW
DistanceOrColor,YELLOW443,4430,YELLOW
DistanceOrColor,YELLOW444,4440,YELLOW
DistanceOrColor,YELLOW445,4450,YELLOW
DistanceOrColor,YELLOW446,4460,YELLOW
DistanceOrColor,YELLOW447,4470,YELLOW
DistanceOrColor,YELLOW448,4480,YELLOW
DistanceOrColor,YELLOW449,4490,YELLOW
DistanceOrColor,YELLOW450,4500,YELLOW
DistanceOrColor,YELLOW451,4510,YELLOW
DistanceOrColor,YELLOW452,4520,YELLOW
DistanceOrColor,YELLOW453,4530,YELLOW
DistanceOrColor,YELLOW454,4540,YELLOW
DistanceOrColor,YELLOW455,4550,YELLOW
DistanceOrColor,YELLOW456,4560,YELLOW
DistanceOrColor,YELLOW457,4570,YELLOW
DistanceOrColor,YELLOW458,4580,YELLOW
DistanceOrColor,YELLOW459,4590,YELLOW
DistanceOrColor,YELLOW460,4600,YELLOW
DistanceOrColor,YELLOW461,4610,YELLOW
DistanceOrColor,YELLOW462,4620,YELLOW
DistanceOrColor,YELLOW463,4630,YELLOW
DistanceOrColor,YELLOW464,4640,YELLOW
DistanceOrColor,YELLOW465,4650,YELLOW
DistanceOrColor,YELLOW466,4660,YELLOW
DistanceOrColor,YELLOW467,4670,YELLOW
DistanceOrColor,YELLOW468,4680,YELLOW
DistanceOrColor,YELLOW469,4690,YELLOW
DistanceOrColor,YELLOW470,4700,YELLOW
DistanceOrColor,YELLOW471,4710,YELLOW
DistanceOrColor,YELLOW472,4720,YELLOW
DistanceOrColor,YELLOW473,4730,YELLOW
DistanceOrColor,YELLOW474,4740,YELLOW
DistanceOrColor,YELLOW475,4750,YELLOW
DistanceOrColor,YELLOW476,4760,YELLOW
DistanceOrColor,YELLOW477,4770,YELLOW
DistanceOrColor,YELLOW478,4780,YELLOW
DistanceOrColor,YELLOW479,4790,YELLOW
DistanceOrColor,YELLOW480,4800,YELLOW
DistanceOrColor,YELLOW481,4810,YELLOW
DistanceOrColor,YELLOW482,4820,YELLOW
DistanceOrColor,YELLOW483,4830,YELLOW
DistanceOrColor,YELLOW484,4840,YELLOW
DistanceOrColor,YELLOW485,4850,YELLOW
DistanceOrColor,YELLOW486,4860,YELLOW
DistanceOrColor,YELLOW487,4870,YELLOW
DistanceOrColor,YELLOW488,4880,YELLOW
DistanceOrColor,YELLOW489,4890,YELLOW
DistanceOrColor,YELLOW490,4900,YELLOW
DistanceOrColor,YELLOW491,4910,YELLOW
DistanceOrColor,YELLOW492,4920,YELLOW
DistanceOrColor,YELLOW493,4930,YELLOW
DistanceOrColor,YELLOW494,4940,YELLOW
DistanceOrColor,YELLOW495,4950,YELLOW
DistanceOrColor,YELLOW496,4960,YELLOW
DistanceOrColor,YELLOW497,4970,YELLOW
DistanceOrColor,YELLOW498,4980,YELLOW
DistanceOrColor,YELLOW499,4990,YELLOW
DistanceOrColor,YELLOW500,5000,YELLOW
DistanceOrColor,YELLOW501,5010,YELLOW
DistanceOrColor,YELLOW502,5020,YELLOW
DistanceOrColor,YELLOW503,5030,YELLOW
DistanceOrColor,YELLOW504,5040,YELLOW
DistanceOrColor,YELLOW505,5050,YELLOW
DistanceOrColor,YELLOW506,5060,YELLOW
DistanceOrColor,YELLOW507,5070,YELLOW
DistanceOrColor,YELLOW508,5080,YELLOW
DistanceOrColor,YELLOW509,5090,YELLOW
DistanceOrColor,YELLOW510,5100,YELLOW
DistanceOrColor,YELLOW511,5110,YELLOW
DistanceOrColor,YELLOW512,5120,YELLOW
DistanceOrColor,YELLOW513,5130,YELLOW
DistanceOrColor,YELLOW514,5140,YELLOW
DistanceOrColor,YELLOW515,5150,YELLOW
DistanceOrColor,YELLOW516,5160,YELLOW
DistanceOrColor,YELLOW517,5170,YELLOW
DistanceOrColor,YELLOW518,5180,YELLOW
DistanceOrColor,YELLOW519,5190,YELLOW
DistanceOrColor,YELLOW520,5200,YELLOW
DistanceOrColor,YELLOW521,5210,YELLOW
DistanceOrColor,YELLOW522,5220,YELLOW
DistanceOrColor,YELLOW523,5230,YELLOW
DistanceOrColor,YELLOW524,5240,YELLOW
DistanceOrColor,YELLOW525,5250,YELLOW
DistanceOrColor,YELLOW526,5260,YELLOW
DistanceOrColor,YELLOW527,5270,YELLOW
DistanceOrColor,YELLOW528,5280,YELLOW
DistanceOrColor,YELLOW529,5290,YELLOW
DistanceOrColor,YELLOW530,5300,YELLOW
DistanceOrColor,YELLOW531,5310,YELLOW
DistanceOrColor,YELLOW532,5320,YELLOW
DistanceOrColor,YELLOW533,5330,YELLOW
DistanceOrColor,YELLOW534,5340,YELLOW
DistanceOrColor,YELLOW535,5350,YELLOW
DistanceOrColor,YELLOW536,5360,YELLOW
DistanceOrColor,YELLOW537,5370,YELLOW
DistanceOrColor,YELLOW538,5380,YELLOW
DistanceOrColor,YELLOW539,5390,YELLOW
DistanceOrColor,YELLOW540,5400,YELLOW
DistanceOrColor,YELLOW541,5410,YELLOW
DistanceOrColor,YELLOW542,5420,YELLOW
DistanceOrColor,YELLOW543,5430,YELLOW
DistanceOrColor,YELLOW544,5440,YELLOW
DistanceOrColor,YELLOW545,5450,YELLOW
DistanceOrColor,YELLOW546,5460,YELLOW
DistanceOrColor,YELLOW547,5470,YELLOW
DistanceOrColor,YELLOW548,5480,YELLOW
DistanceOrColor,YELLOW549,5490,YELLOW
DistanceOrColor,YELLOW550,5500,YELLOW
DistanceOrColor,YELLOW551,5510,YELLOW
DistanceOrColor,YELLOW552,5520,YELLOW
DistanceOrColor,YELLOW553,5530,YELLOW
DistanceOrColor,YELLOW554,5540,YELLOW
DistanceOrColor,YELLOW555,5550,YELLOW
DistanceOrColor,YELLOW556,5560,YELLOW
DistanceOrColor,YELLOW557,5570,YELLOW
DistanceOrColor,YELLOW558,5580,YELLOW
DistanceOrColor,YELLOW559,5590,YELLOW
DistanceOrColor,YELLOW560,5600,YELLOW
DistanceOrColor,YELLOW561,5610,YELLOW
DistanceOrColor,YELLOW562,5620,YELLOW
DistanceOrColor,YELLOW563,5630,YELLOW
DistanceOrColor,YELLOW564,5640,YELLOW
DistanceOrColor,YELLOW565,5650,YELLOW
DistanceOrColor,YELLOW566,5660,YELLOW
DistanceOrColor,YELLOW567,5670,YELLOW
DistanceOrColor,YELLOW568,5680,YELLOW
DistanceOrColor,YELLOW569,5690,YELLOW
DistanceOrColor,YELLOW570,5700,YELLOW
DistanceOrColor,YELLOW571,5710,YELLOW
DistanceOrColor,YELLOW572,5720,YELLOW
DistanceOrColor,YELLOW573,5730,YELLOW
DistanceOrColor,YELLOW574,5740,YELLOW
DistanceOrColor,YELLOW575,5750,YELLOW
DistanceOrColor,YELLOW576,5760,YELLOW
DistanceOrColor,YELLOW577,5770,YELLOW
DistanceOrColor,YELLOW578,5780,YELLOW
DistanceOrColor,YELLOW579,5790,YELLOW
DistanceOrColor,YELLOW580,5800,YELLOW
DistanceOrColor,YELLOW581,5810,YELLOW
DistanceOrColor,YELLOW582,5820,YELLOW
DistanceOrColor,YELLOW583,5830,YELLOW
DistanceOrColor,YELLOW584,5840,YELLOW
DistanceOrColor,YELLOW585,5850,YELLOW
DistanceOrColor,YELLOW586,5860,YELLOW
DistanceOrColor,YELLOW587,5870,YELLOW
DistanceOrColor,YELLOW588,5880,YELLOW
DistanceOrColor,YELLOW589,5890,YELLOW
DistanceOrColor,YELLOW590,5900,YELLOW
DistanceOrColor,YELLOW591,5910,YELLOW
DistanceOrColor,YELLOW592,5920,YELLOW
DistanceOrColor,YELLOW593,5930,YELLOW
DistanceOrColor,YELLOW594,5940,YELLOW
DistanceOrColor,YELLOW595,5950,YELLOW
DistanceOrColor,YELLOW596,5960,YELLOW
DistanceOrColor,YELLOW597,5970,YELLOW
DistanceOrColor,YELLOW598,5980,YELLOW
DistanceOrColor,YELLOW599,5990,YELLOW
DistanceOrColor,YELLOW600,6000,YELLOW
DistanceOrColor,YELLOW601,6010,YELLOW
DistanceOrColor,YELLOW602,6020,YELLOW
DistanceOrColor,YELLOW603,6030,YELLOW
DistanceOrColor,YELLOW604,6040,YELLOW
DistanceOrColor,YELLOW605,6050,YELLOW
DistanceOrColor,YELLOW606,6060,YELLOW
DistanceOrColor,YELLOW607,6070,YELLOW
DistanceOrColor,YELLOW608,6080,YELLOW
DistanceOrColor,YELLOW609,6090,YELLOW
DistanceOrColor,YELLOW610,6100,YELLOW
DistanceOrColor,YELLOW611,6110,YELLOW
DistanceOrColor,YELLOW612,6120,YELLOW
DistanceOrColor,YELLOW613,6130,YELLOW
DistanceOrColor,YELLOW614,6140,YELLOW
DistanceOrColor,YELLOW615,6150,YELLOW
DistanceOrColor,YELLOW616,6160,YELLOW
DistanceOrColor,YELLOW617,6170,YELLOW
DistanceOrColor,YELLOW618,6180,YELLOW
DistanceOrColor,YELLOW619,6190,YELLOW
DistanceOrColor,YELLOW620,6200,YELLOW
DistanceOrColor,YELLOW621,6210,YELLOW
DistanceOrColor,YELLOW622,6220,YELLOW
DistanceOrColor,YELLOW623,6230,YELLOW
DistanceOrColor,YELLOW624,6240,YELLOW
DistanceOrColor,YELLOW625,6250,YELLOW
DistanceOrColor,YELLOW626,6260,YELLOW
DistanceOrColor,YELLOW627,6270,YELLOW
DistanceOrColor,YELLOW628,6280,YELLOW
DistanceOrColor,YELLOW629,6290,YELLOW
DistanceOrColor,YELLOW630,6300,YELLOW
DistanceOrColor,YELLOW631,6310,YELLOW
DistanceOrColor,YELLOW632,6320,YELLOW
DistanceOrColor,YELLOW633,6330,YELLOW
DistanceOrColor,YELLOW634,6340,YELLOW
DistanceOrColor,YELLOW635,6350,YELLOW
DistanceOrColor,YELLOW636,6360,YELLOW
DistanceOrColor,YELLOW637,6370,YELLOW
DistanceOrColor,YELLOW638,6380,YELLOW
DistanceOrColor,YELLOW639,6390,YELLOW
DistanceOrColor,YELLOW640,6400,YELLOW
DistanceOrColor,YELLOW641,6410,YELLOW
DistanceOrColor,YELLOW642,6420,YELLOW
DistanceOrColor,YELLOW643,6430,YELLOW
DistanceOrColor,YELLOW644,6440,YELLOW
DistanceOrColor,YELLOW645,6450,YELLOW
DistanceOrColor,YELLOW646,6460,YELLOW
DistanceOrColor,YELLOW647,6470,YELLOW
DistanceOrColor,YELLOW648,6480,YELLOW
DistanceOrColor,YELLOW649,6490,YELLOW
DistanceOrColor,YELLOW650,6500,YELLOW
DistanceOrColor,YELLOW651,6510,YELLOW
DistanceOrColor,YELLOW652,6520,YELLOW
DistanceOrColor,YELLOW653,6530,YELLOW
DistanceOrColor,YELLOW654,6540,YELLOW
DistanceOrColor,YELLOW655,6550,YELLOW
DistanceOrColor,YELLOW656,6560,YELLOW
DistanceOrColor,YELLOW657,6570,YELLOW
DistanceOrColor,YELLOW658,6580,YELLOW
DistanceOrColor,YELLOW659,6590,YELLOW
DistanceOrColor,YELLOW660,6600,YELLOW
DistanceOrColor,YELLOW661,6610,YELLOW
DistanceOrColor,YELLOW662,6620,YELLOW
DistanceOrColor,YELLOW663,6630,YELLOW
DistanceOrColor,YELLOW664,6640,YELLOW
DistanceOrColor,YELLOW665,6650,YELLOW
DistanceOrColor,YELLOW666,6660,YELLOW
DistanceOrColor,YELLOW667,6670,YELLOW
DistanceOrColor,YELLOW668,6680,YELLOW
DistanceOrColor,YELLOW669,6690,YELLOW
DistanceOrColor,YELLOW670,6700,YELLOW
DistanceOrColor,YELLOW671,6710,YELLOW
DistanceOrColor,YELLOW672,6720,YELLOW
DistanceOrColor,YELLOW673,6730,YELLOW
DistanceOrColor,YELLOW674,6740,YELLOW
DistanceOrColor,YELLOW675,6750,YELLOW
DistanceOrColor,YELLOW676,6760,YELLOW
DistanceOrColor,YELLOW677,6770,YELLOW
DistanceOrColor,YELLOW678,6780,YELLOW
DistanceOrColor,YELLOW679,6790,YELLOW
DistanceOrColor,YELLOW680,6800,YELLOW
DistanceOrColor,YELLOW681,6810,YELLOW
DistanceOrColor,YELLOW682,6820,YELLOW
DistanceOrColor,YELLOW683,6830,YELLOW
DistanceOrColor,YELLOW684,6840,YELLOW
DistanceOrColor,YELLOW685,6850,YELLOW
DistanceOrColor,YELLOW686,6860,YELLOW
DistanceOrColor,YELLOW687,6870,YELLOW
DistanceOrColor,YELLOW688,6880,YELLOW
DistanceOrColor,YELLOW689,6890,YELLOW
DistanceOrColor,YELLOW690,6900,YELLOW
DistanceOrColor,YELLOW691,6910,YELLOW
DistanceOrColor,YELLOW692,6920,YELLOW
DistanceOrColor,YELLOW693,6930,YELLOW
DistanceOrColor,YELLOW694,6940,YELLOW
DistanceOrColor,YELLOW695,6950,YELLOW
DistanceOrColor,YELLOW696,6960,YELLOW
DistanceOrColor,YELLOW697,6970,YELLOW
DistanceOrColor,YELLOW698,6980,YELLOW
DistanceOrColor,YELLOW699,6990,YELLOW
DistanceOrColor,YELLOW700,7000,YELLOW
DistanceOrColor,YELLOW701,7010,YELLOW
DistanceOrColor,YELLOW702,7020,YELLOW
DistanceOrColor,YELLOW703,7030,YELLOW
DistanceOrColor,YELLOW704,7040,YELLOW
DistanceOrColor,YELLOW705,7050,YELLOW
DistanceOrColor,YELLOW706,7060,YELLOW
DistanceOrColor,YELLOW707,7070,YELLOW
DistanceOrColor,YELLOW708,7080,YELLOW
DistanceOrColor,YELLOW709,7090,YELLOW
DistanceOrColor,YELLOW710,7100,YELLOW
DistanceOrColor,YELLOW711,7110,YELLOW
DistanceOrColor,YELLOW712,7120,YELLOW
DistanceOrColor,YELLOW713,7130,YELLOW
DistanceOrColor,YELLOW714,7140,YELLOW
DistanceOrColor,YELLOW715,7150,YELLOW
DistanceOrColor,YELLOW716,7160,YELLOW
DistanceOrColor,YELLOW717,7170,YELLOW
DistanceOrColor,YELLOW718,7180,YELLOW
DistanceOrColor,YELLOW719,7190,YELLOW
DistanceOrColor,YELLOW720,7200,YELLOW
DistanceOrColor,YELLOW721,7210,YELLOW
DistanceOrColor,YELLOW722,7220,YELLOW
DistanceOrColor,YELLOW723,7230,YELLOW
DistanceOrColor,YELLOW724,7240,YELLOW
DistanceOrColor,YELLOW725,7250,YELLOW
DistanceOrColor,YELLOW726,7260,YELLOW
DistanceOrColor,YELLOW727,7270,YELLOW
DistanceOrColor,YELLOW728,7280,YELLOW
DistanceOrColor,YELLOW729,7290,YELLOW
DistanceOrColor,YELLOW730,7300,YELLOW
DistanceOrColor,YELLOW731,7310,YELLOW
DistanceOrColor,YELLOW732,7320,YELLOW
DistanceOrColor,YELLOW733,7330,YELLOW
DistanceOrColor,YELLOW734,7340,YELLOW
DistanceOrColor,YELLOW735,7350,YELLOW
DistanceOrColor,YELLOW736,7360,YELLOW
DistanceOrColor,YELLOW737,7370,YELLOW
DistanceOrColor,YELLOW738,7380,YELLOW
DistanceOrColor,YELLOW739,7390,YELLOW
DistanceOrColor,YELLOW740,7400,YELLOW
DistanceOrColor,YELLOW741,7410,YELLOW
DistanceOrColor,YELLOW742,7420,YELLOW
DistanceOrColor,YELLOW743,7430,YELLOW
DistanceOrColor,YELLOW744,7440,YELLOW
DistanceOrColor,YELLOW745,7450,YELLOW
DistanceOrColor,YELLOW746,7460,YELLOW
DistanceOrColor,YELLOW747,7470,YELLOW
DistanceOrColor,YELLOW748,7480,YELLOW
DistanceOrColor,YELLOW749,7490,YELLOW
DistanceOrColor,YELLOW750,7500,YELLOW
DistanceOrColor,YELLOW751,7510,YELLOW
DistanceOrColor,YELLOW752,7520,YELLOW
DistanceOrColor,YELLOW753,7530,YELLOW
DistanceOrColor,YELLOW754,7540,YELLOW
DistanceOrColor,YELLOW755,7550,YELLOW
DistanceOrColor,YELLOW756,7560,YELLOW
DistanceOrColor,YELLOW757,7570,YELLOW
DistanceOrColor,YELLOW758,7580,YELLOW
DistanceOrColor,YELLOW759,7590,YELLOW
DistanceOrColor,YELLOW760,7600,YELLOW
DistanceOrColor,YELLOW761,7610,YELLOW
DistanceOrColor,YELLOW762,7620,YELLOW
DistanceOrColor,YELLOW763,7630,YELLOW
DistanceOrColor,YELLOW764,7640,YELLOW
DistanceOrColor,YELLOW765,7650,YELLOW
DistanceOrColor,YELLOW766,7660,YELLOW
DistanceOrColor,YELLOW767,7670,YELLOW
DistanceOrColor,YELLOW768,7680,YELLOW
DistanceOrColor,YELLOW769,7690,YELLOW
DistanceOrColor,YELLOW770,7700,YELLOW
DistanceOrColor,YELLOW771,7710,YELLOW
DistanceOrColor,YELLOW772,7720,YELLOW
DistanceOrColor,YELLOW773,7730,YELLOW
DistanceOrColor,YELLOW774,7740,YELLOW
DistanceOrColor,YELLOW775,7750,YELLOW
DistanceOrColor,YELLOW776,7760,YELLOW
DistanceOrColor,YELLOW777,7770,YELLOW
DistanceOrColor,YELLOW778,7780,YELLOW
DistanceOrColor,YELLOW779,7790,YELLOW
DistanceOrColor,YELLOW780,7800,YELLOW
DistanceOrColor,YELLOW781,7810,YELLOW
DistanceOrColor,YELLOW782,7820,YELLOW
DistanceOrColor,YELLOW783,7830,YELLOW
DistanceOrColor,YELLOW784,7840,YELLOW
DistanceOrColor,YELLOW785,7850,YELLOW
DistanceOrColor,YELLOW786,7860,YELLOW
DistanceOrColor,YELLOW787,7870,YELLOW
DistanceOrColor,YELLOW788,7880,YELLOW
DistanceOrColor,YELLOW789,7890,YELLOW
DistanceOrColor,YELLOW790,7900,YELLOW
DistanceOrColor,YELLOW791,7910,YELLOW
DistanceOrColor,YELLOW792,7920,YELLOW
DistanceOrColor,YELLOW793,7930,YELLOW
DistanceOrColor,YELLOW794,7940,YELLOW
DistanceOrColor,YELLOW795,7950,YELLOW
DistanceOrColor,YELLOW796,7960,YELLOW
DistanceOrColor,YELLOW797,7970,YELLOW
DistanceOrColor,YELLOW798,7980,YELLOW
DistanceOrColor,YELLOW799,7990,YELLOW
DistanceOrColor,YELLOW800,8000,YELLOW
DistanceOrColor,YELLOW801,8010,YELLOW
DistanceOrColor,YELLOW802,8020,YELLOW
DistanceOrColor,YELLOW803,8030,YELLOW
DistanceOrColor,YELLOW804,8040,YELLOW
DistanceOrColor,YELLOW805,8050,YELLOW
DistanceOrColor,YELLOW806,8060,YELLOW
DistanceOrColor,YELLOW807,8070,YELLOW
DistanceOrColor,YELLOW808,8080,YELLOW
DistanceOrColor,YELLOW809,8090,YELLOW
DistanceOrColor,YELLOW810,8100,YELLOW
DistanceOrColor,YELLOW811,8110,YELLOW
DistanceOrColor,YELLOW812,8120,YELLOW
DistanceOrColor,YELLOW813,8130,YELLOW
DistanceOrColor,YELLOW814,8140,YELLOW
DistanceOrColor,YELLOW815,8150,YELLOW
DistanceOrColor,YELLOW816,8160,YELLOW
DistanceOrColor,YELLOW817,8170,YELLOW
DistanceOrColor,YELLOW818,8180,YELLOW
DistanceOrColor,YELLOW819,8190,YELLOW
DistanceOrColor,YELLOW820,8200,YELLOW
DistanceOrColor,YELLOW821,8210,YELLOW
DistanceOrColor,YELLOW822,8220,YELLOW
DistanceOrColor,YELLOW823,8230,YELLOW
DistanceOrColor,YELLOW824,8240,YELLOW
DistanceOrColor,YELLOW825,8250,YELLOW
DistanceOrColor,YELLOW826,8260,YELLOW
DistanceOrColor,YELLOW827,8270,YELLOW
DistanceOrColor,YELLOW828,8280,YELLOW
DistanceOrColor,YELLOW829,8290,YELLOW
DistanceOrColor,YELLOW830,8300,YELLOW
DistanceOrColor,YELLOW831,8310,YELLOW
DistanceOrColor,YELLOW832,8320,YELLOW
DistanceOrColor,YELLOW833,8330,YELLOW
DistanceOrColor,YELLOW834,8340,YELLOW
DistanceOrColor,YELLOW835,8350,YELLOW
DistanceOrColor,YELLOW836,8360,YELLOW
DistanceOrColor,YELLOW837,8370,YELLOW
DistanceOrColor,YELLOW838,8380,YELLOW
DistanceOrColor,YELLOW839,8390,YELLOW
DistanceOrColor,YELLOW840,8400,YELLOW
DistanceOrColor,YELLOW841,8410,YELLOW
DistanceOrColor,YELLOW842,8420,YELLOW
DistanceOrColor,YELLOW843,8430,YELLOW
DistanceOrColor,YELLOW844,8440,YELLOW
DistanceOrColor,YELLOW845,8450,YELLOW
DistanceOrColor,YELLOW846,8460,YELLOW
DistanceOrColor,YELLOW847,8470,YELLOW
DistanceOrColor,YELLOW848,8480,YELLOW
DistanceOrColor,YELLOW849,8490,YELLOW
DistanceOrColor,YELLOW850,8500,YELLOW
DistanceOrColor,YELLOW851,8510,YELLOW
DistanceOrColor,YELLOW852,8520,YELLOW
DistanceOrColor,YELLOW853,8530,YELLOW
DistanceOrColor,YELLOW854,8540,YELLOW
DistanceOrColor,YELLOW855,8550,YELLOW
DistanceOrColor,YELLOW856,8560,YELLOW
DistanceOrColor,YELLOW857,8570,YELLOW
DistanceOrColor,YELLOW858,8580,YELLOW
DistanceOrColor,YELLOW859,8590,YELLOW
DistanceOrColor,YELLOW860,8600,YELLOW
DistanceOrColor,YELLOW861,8610,YELLOW
DistanceOrColor,YELLOW862,8620,YELLOW
DistanceOrColor,YELLOW863,8630,YELLOW
DistanceOrColor,YELLOW864,8640,YELLOW
DistanceOrColor,YELLOW865,8650,YELLOW
DistanceOrColor,YELLOW866,8660,YELLOW
DistanceOrColor,YELLOW867,8670,YELLOW
DistanceOrColor,YELLOW868,8680,YELLOW
DistanceOrColor,YELLOW869,8690,YELLOW
DistanceOrColor,YELLOW870,8700,YELLOW
DistanceOrColor,YELLOW871,8710,YELLOW
DistanceOrColor,YELLOW872,8720,YELLOW
DistanceOrColor,YELLOW873,8730,YELLOW
DistanceOrColor,YELLOW874,8740,YELLOW
DistanceOrColor,YELLOW875,8750,YELLOW
DistanceOrColor,YELLOW876,8760,YELLOW
DistanceOrColor,YELLOW877,8770,YELLOW
DistanceOrColor,YELLOW878,8780,YELLOW
DistanceOrColor,YELLOW879,8790,YELLOW
DistanceOrColor,YELLOW880,8800,YELLOW
DistanceOrColor,YELLOW881,8810,YELLOW
DistanceOrColor,YELLOW882,8820,YELLOW
DistanceOrColor,YELLOW883,8830,YELLOW
DistanceOrColor,YELLOW884,8840,YELLOW
DistanceOrColor,YELLOW885,8850,YELLOW
DistanceOrColor,YELLOW886,8860,YELLOW
DistanceOrColor,YELLOW887,8870,YELLOW
DistanceOrColor,YELLOW888,8880,YELLOW
DistanceOrColor,YELLOW889,8890,YELLOW
DistanceOrColor,YELLOW890,8900,YELLOW
DistanceOrColor,YELLOW891,8910,YELLOW
DistanceOrColor,YELLOW892,8920,YELLOW
DistanceOrColor,YELLOW893,8930,YELLOW
DistanceOrColor,YELLOW894,8940,YELLOW
DistanceOrColor,YELLOW895,8950,YELLOW
DistanceOrColor,YELLOW896,8960,YELLOW
DistanceOrColor,YELLOW897,8970,YELLOW
DistanceOrColor,YELLOW898,8980,YELLOW
DistanceOrColor,YELLOW899,8990,YELLOW
DistanceOrColor,YELLOW900,9000,YELLOW
DistanceOrColor,YELLOW901,9010,YELLOW
DistanceOrColor,YELLOW902,9020,YELLOW
DistanceOrColor,YELLOW903,9030,YELLOW
DistanceOrColor,YELLOW904,9040,YELLOW
DistanceOrColor,YELLOW905,9050,YELLOW
DistanceOrColor,YELLOW906,9060,YELLOW
DistanceOrColor,YELLOW907,9070,YELLOW
DistanceOrColor,YELLOW908,9080,YELLOW
DistanceOrColor,YELLOW909,9090,YELLOW
DistanceOrColor,YELLOW910,9100,YELLOW
DistanceOrColor,YELLOW911,9110,YELLOW
DistanceOrColor,YELLOW912,9120,YELLOW
DistanceOrColor,YELLOW913,9130,YELLOW
DistanceOrColor,YELLOW914,9140,YELLOW
DistanceOrColor,YELLOW915,9150,YELLOW
DistanceOrColor,YELLOW916,9160,YELLOW
DistanceOrColor,YELLOW917,9170,YELLOW
DistanceOrColor,YELLOW918,9180,YELLOW
DistanceOrColor,YELLOW919,9190,YELLOW
DistanceOrColor,YELLOW920,9200,YELLOW
DistanceOrColor,YELLOW921,9210,YELLOW
DistanceOrColor,YELLOW922,9220,YELLOW
DistanceOrColor,YELLOW923,9230,YELLOW
DistanceOrColor,YELLOW924,9240,YELLOW
DistanceOrColor,YELLOW925,9250,YELLOW
DistanceOrColor,YELLOW926,9260,YELLOW
DistanceOrColor,YELLOW927,9270,YELLOW
DistanceOrColor,YELLOW928,9280,YELLOW
DistanceOrColor,YELLOW929,9290,YELLOW
DistanceOrColor,YELLOW930,9300,YELLOW
DistanceOrColor,YELLOW931,9310,YELLOW
DistanceOrColor,YELLOW932,9320,YELLOW
DistanceOrColor,YELLOW933,9330,YELLOW
DistanceOrColor,YELLOW934,9340,YELLOW
DistanceOrColor,YELLOW935,9350,YELLOW
DistanceOrColor,YELLOW936,9360,YELLOW
DistanceOrColor,YELLOW937,9370,YELLOW
DistanceOrColor,YELLOW938,9380,YELLOW
DistanceOrColor,YELLOW939,9390,YELLOW
DistanceOrColor,YELLOW940,9400,YELLOW
DistanceOrColor,YELLOW941,9410,YELLOW
DistanceOrColor,YELLOW942,9420,YELLOW
DistanceOrColor,YELLOW943,9430,YELLOW
DistanceOrColor,YELLOW944,9440,YELLOW
DistanceOrColor,YELLOW945,9450,YELLOW
DistanceOrColor,YELLOW946,9460,YELLOW
DistanceOrColor,YELLOW947,9470,YELLOW
DistanceOrColor,YELLOW948,9480,YELLOW
DistanceOrColor,YELLOW949,9490,YELLOW
DistanceOrColor,YELLOW950,9500,YELLOW
DistanceOrColor,YELLOW951,9510,YELLOW
DistanceOrColor,YELLOW952,9520,YELLOW
DistanceOrColor,YELLOW953,9530,YELLOW
DistanceOrColor,YELLOW954,9540,YELLOW
DistanceOrColor,YELLOW955,9550,YELLOW
DistanceOrColor,YELLOW956,9560,YELLOW
DistanceOrColor,YELLOW957,9570,YELLOW
DistanceOrColor,YELLOW958,9580,YELLOW
DistanceOrColor,YELLOW959,9590,YELLOW
DistanceOrColor,YELLOW960,9600,YELLOW
DistanceOrColor,YELLOW961,9610,YELLOW
DistanceOrColor,YELLOW962,9620,YELLOW
DistanceOrColor,YELLOW963,9630,YELLOW
DistanceOrColor,YELLOW964,9640,YELLOW
DistanceOrColor,YELLOW965,9650,YELLOW
DistanceOrColor,YELLOW966,9660,YELLOW
DistanceOrColor,YELLOW967,9670,YELLOW
DistanceOrColor,YELLOW968,9680,YELLOW
DistanceOrColor,YELLOW969,9690,YELLOW
DistanceOrColor,YELLOW970,9700,YELLOW
DistanceOrColor,YELLOW971,9710,YELLOW
DistanceOrColor,YELLOW972,9720,YELLOW
DistanceOrColor,YELLOW973,9730,YELLOW
DistanceOrColor,YELLOW974,9740,YELLOW
DistanceOrColor,YELLOW975,9750,YELLOW
DistanceOrColor,YELLOW976,9760,YELLOW
DistanceOrColor,YELLOW977,9770,YELLOW
DistanceOrColor,YELLOW978,9780,YELLOW
DistanceOrColor,YELLOW979,9790,YELLOW
DistanceOrColor,YELLOW980,9800,YELLOW
DistanceOrColor,YELLOW981,9810,YELLOW
DistanceOrColor,YELLOW982,9820,YELLOW
DistanceOrColor,YELLOW983,9830,YELLOW
DistanceOrColor,YELLOW984,9840,YELLOW
DistanceOrColor,YELLOW985,9850,YELLOW
DistanceOrColor,YELLOW986,9860,YELLOW
DistanceOrColor,YELLOW987,9870,YELLOW
DistanceOrColor,YELLOW988,9880,YELLOW
DistanceOrColor,YELLOW989,9890,YELLOW
DistanceOrColor,YELLOW990,9900,YELLOW
DistanceOrColor,YELLOW991,9910,YELLOW
DistanceOrColor,YELLOW992,9920,YELLOW
DistanceOrColor,YELLOW993,9930,YELLOW
DistanceOrColor,YELLOW994,9940,YELLOW
DistanceOrColor,YELLOW995,9950,YELLOW
DistanceOrColor,YELLOW996,9960,YELLOW
DistanceOrColor,YELLOW997,9970,YELLOW
DistanceOrColor,YELLOW998,9980,YELLOW
DistanceOrColor,YELLOW999,9990,YELLOW








DistanceOrColor,BLACK000,0,BLACK
DistanceOrColor,BLACK001,10,BLACK
DistanceOrColor,BLACK002,20,BLACK
DistanceOrColor,BLACK003,30,BLACK
DistanceOrColor,BLACK004,40,BLACK
DistanceOrColor,BLACK005,50,BLACK
DistanceOrColor,BLACK006,60,BLACK
DistanceOrColor,BLACK007,70,BLACK
DistanceOrColor,BLACK008,80,BLACK
DistanceOrColor,BLACK009,90,BLACK
DistanceOrColor,BLACK010,100,BLACK
DistanceOrColor,BLACK011,110,BLACK
DistanceOrColor,BLACK012,120,BLACK
DistanceOrColor,BLACK013,130,BLACK
DistanceOrColor,BLACK014,140,BLACK
DistanceOrColor,BLACK015,150,BLACK
DistanceOrColor,BLACK016,160,BLACK
DistanceOrColor,BLACK017,170,BLACK
DistanceOrColor,BLACK018,180,BLACK
DistanceOrColor,BLACK019,190,BLACK
DistanceOrColor,BLACK020,200,BLACK
DistanceOrColor,BLACK021,210,BLACK
DistanceOrColor,BLACK022,220,BLACK
DistanceOrColor,BLACK023,230,BLACK
DistanceOrColor,BLACK024,240,BLACK
DistanceOrColor,BLACK025,250,BLACK
DistanceOrColor,BLACK026,260,BLACK
DistanceOrColor,BLACK027,270,BLACK
DistanceOrColor,BLACK028,280,BLACK
DistanceOrColor,BLACK029,290,BLACK
DistanceOrColor,BLACK030,300,BLACK
DistanceOrColor,BLACK031,310,BLACK
DistanceOrColor,BLACK032,320,BLACK
DistanceOrColor,BLACK033,330,BLACK
DistanceOrColor,BLACK034,340,BLACK
DistanceOrColor,BLACK035,350,BLACK
DistanceOrColor,BLACK036,360,BLACK
DistanceOrColor,BLACK037,370,BLACK
DistanceOrColor,BLACK038,380,BLACK
DistanceOrColor,BLACK039,390,BLACK
DistanceOrColor,BLACK040,400,BLACK
DistanceOrColor,BLACK041,410,BLACK
DistanceOrColor,BLACK042,420,BLACK
DistanceOrColor,BLACK043,430,BLACK
DistanceOrColor,BLACK044,440,BLACK
DistanceOrColor,BLACK045,450,BLACK
DistanceOrColor,BLACK046,460,BLACK
DistanceOrColor,BLACK047,470,BLACK
DistanceOrColor,BLACK048,480,BLACK
DistanceOrColor,BLACK049,490,BLACK
DistanceOrColor,BLACK050,500,BLACK
DistanceOrColor,BLACK051,510,BLACK
DistanceOrColor,BLACK052,520,BLACK
DistanceOrColor,BLACK053,530,BLACK
DistanceOrColor,BLACK054,540,BLACK
DistanceOrColor,BLACK055,550,BLACK
DistanceOrColor,BLACK056,560,BLACK
DistanceOrColor,BLACK057,570,BLACK
DistanceOrColor,BLACK058,580,BLACK
DistanceOrColor,BLACK059,590,BLACK
DistanceOrColor,BLACK060,600,BLACK
DistanceOrColor,BLACK061,610,BLACK
DistanceOrColor,BLACK062,620,BLACK
DistanceOrColor,BLACK063,630,BLACK
DistanceOrColor,BLACK064,640,BLACK
DistanceOrColor,BLACK065,650,BLACK
DistanceOrColor,BLACK066,660,BLACK
DistanceOrColor,BLACK067,670,BLACK
DistanceOrColor,BLACK068,680,BLACK
DistanceOrColor,BLACK069,690,BLACK
DistanceOrColor,BLACK070,700,BLACK
DistanceOrColor,BLACK071,710,BLACK
DistanceOrColor,BLACK072,720,BLACK
DistanceOrColor,BLACK073,730,BLACK
DistanceOrColor,BLACK074,740,BLACK
DistanceOrColor,BLACK075,750,BLACK
DistanceOrColor,BLACK076,760,BLACK
DistanceOrColor,BLACK077,770,BLACK
DistanceOrColor,BLACK078,780,BLACK
DistanceOrColor,BLACK079,790,BLACK
DistanceOrColor,BLACK080,800,BLACK
DistanceOrColor,BLACK081,810,BLACK
DistanceOrColor,BLACK082,820,BLACK
DistanceOrColor,BLACK083,830,BLACK
DistanceOrColor,BLACK084,840,BLACK
DistanceOrColor,BLACK085,850,BLACK
DistanceOrColor,BLACK086,860,BLACK
DistanceOrColor,BLACK087,870,BLACK
DistanceOrColor,BLACK088,880,BLACK
DistanceOrColor,BLACK089,890,BLACK
DistanceOrColor,BLACK090,900,BLACK
DistanceOrColor,BLACK091,910,BLACK
DistanceOrColor,BLACK092,920,BLACK
DistanceOrColor,BLACK093,930,BLACK
DistanceOrColor,BLACK094,940,BLACK
DistanceOrColor,BLACK095,950,BLACK
DistanceOrColor,BLACK096,960,BLACK
DistanceOrColor,BLACK097,970,BLACK
DistanceOrColor,BLACK098,980,BLACK
DistanceOrColor,BLACK099,990,BLACK
DistanceOrColor,BLACK100,1000,BLACK
DistanceOrColor,BLACK101,1010,BLACK
DistanceOrColor,BLACK102,1020,BLACK
DistanceOrColor,BLACK103,1030,BLACK
DistanceOrColor,BLACK104,1040,BLACK
DistanceOrColor,BLACK105,1050,BLACK
DistanceOrColor,BLACK106,1060,BLACK
DistanceOrColor,BLACK107,1070,BLACK
DistanceOrColor,BLACK108,1080,BLACK
DistanceOrColor,BLACK109,1090,BLACK
DistanceOrColor,BLACK110,1100,BLACK
DistanceOrColor,BLACK111,1110,BLACK
DistanceOrColor,BLACK112,1120,BLACK
DistanceOrColor,BLACK113,1130,BLACK
DistanceOrColor,BLACK114,1140,BLACK
DistanceOrColor,BLACK115,1150,BLACK
DistanceOrColor,BLACK116,1160,BLACK
DistanceOrColor,BLACK117,1170,BLACK
DistanceOrColor,BLACK118,1180,BLACK
DistanceOrColor,BLACK119,1190,BLACK
DistanceOrColor,BLACK120,1200,BLACK
DistanceOrColor,BLACK121,1210,BLACK
DistanceOrColor,BLACK122,1220,BLACK
DistanceOrColor,BLACK123,1230,BLACK
DistanceOrColor,BLACK124,1240,BLACK
DistanceOrColor,BLACK125,1250,BLACK
DistanceOrColor,BLACK126,1260,BLACK
DistanceOrColor,BLACK127,1270,BLACK
DistanceOrColor,BLACK128,1280,BLACK
DistanceOrColor,BLACK129,1290,BLACK
DistanceOrColor,BLACK130,1300,BLACK
DistanceOrColor,BLACK131,1310,BLACK
DistanceOrColor,BLACK132,1320,BLACK
DistanceOrColor,BLACK133,1330,BLACK
DistanceOrColor,BLACK134,1340,BLACK
DistanceOrColor,BLACK135,1350,BLACK
DistanceOrColor,BLACK136,1360,BLACK
DistanceOrColor,BLACK137,1370,BLACK
DistanceOrColor,BLACK138,1380,BLACK
DistanceOrColor,BLACK139,1390,BLACK
DistanceOrColor,BLACK140,1400,BLACK
DistanceOrColor,BLACK141,1410,BLACK
DistanceOrColor,BLACK142,1420,BLACK
DistanceOrColor,BLACK143,1430,BLACK
DistanceOrColor,BLACK144,1440,BLACK
DistanceOrColor,BLACK145,1450,BLACK
DistanceOrColor,BLACK146,1460,BLACK
DistanceOrColor,BLACK147,1470,BLACK
DistanceOrColor,BLACK148,1480,BLACK
DistanceOrColor,BLACK149,1490,BLACK
DistanceOrColor,BLACK150,1500,BLACK
DistanceOrColor,BLACK151,1510,BLACK
DistanceOrColor,BLACK152,1520,BLACK
DistanceOrColor,BLACK153,1530,BLACK
DistanceOrColor,BLACK154,1540,BLACK
DistanceOrColor,BLACK155,1550,BLACK
DistanceOrColor,BLACK156,1560,BLACK
DistanceOrColor,BLACK157,1570,BLACK
DistanceOrColor,BLACK158,1580,BLACK
DistanceOrColor,BLACK159,1590,BLACK
DistanceOrColor,BLACK160,1600,BLACK
DistanceOrColor,BLACK161,1610,BLACK
DistanceOrColor,BLACK162,1620,BLACK
DistanceOrColor,BLACK163,1630,BLACK
DistanceOrColor,BLACK164,1640,BLACK
DistanceOrColor,BLACK165,1650,BLACK
DistanceOrColor,BLACK166,1660,BLACK
DistanceOrColor,BLACK167,1670,BLACK
DistanceOrColor,BLACK168,1680,BLACK
DistanceOrColor,BLACK169,1690,BLACK
DistanceOrColor,BLACK170,1700,BLACK
DistanceOrColor,BLACK171,1710,BLACK
DistanceOrColor,BLACK172,1720,BLACK
DistanceOrColor,BLACK173,1730,BLACK
DistanceOrColor,BLACK174,1740,BLACK
DistanceOrColor,BLACK175,1750,BLACK
DistanceOrColor,BLACK176,1760,BLACK
DistanceOrColor,BLACK177,1770,BLACK
DistanceOrColor,BLACK178,1780,BLACK
DistanceOrColor,BLACK179,1790,BLACK
DistanceOrColor,BLACK180,1800,BLACK
DistanceOrColor,BLACK181,1810,BLACK
DistanceOrColor,BLACK182,1820,BLACK
DistanceOrColor,BLACK183,1830,BLACK
DistanceOrColor,BLACK184,1840,BLACK
DistanceOrColor,BLACK185,1850,BLACK
DistanceOrColor,BLACK186,1860,BLACK
DistanceOrColor,BLACK187,1870,BLACK
DistanceOrColor,BLACK188,1880,BLACK
DistanceOrColor,BLACK189,1890,BLACK
DistanceOrColor,BLACK190,1900,BLACK
DistanceOrColor,BLACK191,1910,BLACK
DistanceOrColor,BLACK192,1920,BLACK
DistanceOrColor,BLACK193,1930,BLACK
DistanceOrColor,BLACK194,1940,BLACK
DistanceOrColor,BLACK195,1950,BLACK
DistanceOrColor,BLACK196,1960,BLACK
DistanceOrColor,BLACK197,1970,BLACK
DistanceOrColor,BLACK198,1980,BLACK
DistanceOrColor,BLACK199,1990,BLACK
DistanceOrColor,BLACK200,2000,BLACK
DistanceOrColor,BLACK201,2010,BLACK
DistanceOrColor,BLACK202,2020,BLACK
DistanceOrColor,BLACK203,2030,BLACK
DistanceOrColor,BLACK204,2040,BLACK
DistanceOrColor,BLACK205,2050,BLACK
DistanceOrColor,BLACK206,2060,BLACK
DistanceOrColor,BLACK207,2070,BLACK
DistanceOrColor,BLACK208,2080,BLACK
DistanceOrColor,BLACK209,2090,BLACK
DistanceOrColor,BLACK210,2100,BLACK
DistanceOrColor,BLACK211,2110,BLACK
DistanceOrColor,BLACK212,2120,BLACK
DistanceOrColor,BLACK213,2130,BLACK
DistanceOrColor,BLACK214,2140,BLACK
DistanceOrColor,BLACK215,2150,BLACK
DistanceOrColor,BLACK216,2160,BLACK
DistanceOrColor,BLACK217,2170,BLACK
DistanceOrColor,BLACK218,2180,BLACK
DistanceOrColor,BLACK219,2190,BLACK
DistanceOrColor,BLACK220,2200,BLACK
DistanceOrColor,BLACK221,2210,BLACK
DistanceOrColor,BLACK222,2220,BLACK
DistanceOrColor,BLACK223,2230,BLACK
DistanceOrColor,BLACK224,2240,BLACK
DistanceOrColor,BLACK225,2250,BLACK
DistanceOrColor,BLACK226,2260,BLACK
DistanceOrColor,BLACK227,2270,BLACK
DistanceOrColor,BLACK228,2280,BLACK
DistanceOrColor,BLACK229,2290,BLACK
DistanceOrColor,BLACK230,2300,BLACK
DistanceOrColor,BLACK231,2310,BLACK
DistanceOrColor,BLACK232,2320,BLACK
DistanceOrColor,BLACK233,2330,BLACK
DistanceOrColor,BLACK234,2340,BLACK
DistanceOrColor,BLACK235,2350,BLACK
DistanceOrColor,BLACK236,2360,BLACK
DistanceOrColor,BLACK237,2370,BLACK
DistanceOrColor,BLACK238,2380,BLACK
DistanceOrColor,BLACK239,2390,BLACK
DistanceOrColor,BLACK240,2400,BLACK
DistanceOrColor,BLACK241,2410,BLACK
DistanceOrColor,BLACK242,2420,BLACK
DistanceOrColor,BLACK243,2430,BLACK
DistanceOrColor,BLACK244,2440,BLACK
DistanceOrColor,BLACK245,2450,BLACK
DistanceOrColor,BLACK246,2460,BLACK
DistanceOrColor,BLACK247,2470,BLACK
DistanceOrColor,BLACK248,2480,BLACK
DistanceOrColor,BLACK249,2490,BLACK
DistanceOrColor,BLACK250,2500,BLACK
DistanceOrColor,BLACK251,2510,BLACK
DistanceOrColor,BLACK252,2520,BLACK
DistanceOrColor,BLACK253,2530,BLACK
DistanceOrColor,BLACK254,2540,BLACK
DistanceOrColor,BLACK255,2550,BLACK
DistanceOrColor,BLACK256,2560,BLACK
DistanceOrColor,BLACK257,2570,BLACK
DistanceOrColor,BLACK258,2580,BLACK
DistanceOrColor,BLACK259,2590,BLACK
DistanceOrColor,BLACK260,2600,BLACK
DistanceOrColor,BLACK261,2610,BLACK
DistanceOrColor,BLACK262,2620,BLACK
DistanceOrColor,BLACK263,2630,BLACK
DistanceOrColor,BLACK264,2640,BLACK
DistanceOrColor,BLACK265,2650,BLACK
DistanceOrColor,BLACK266,2660,BLACK
DistanceOrColor,BLACK267,2670,BLACK
DistanceOrColor,BLACK268,2680,BLACK
DistanceOrColor,BLACK269,2690,BLACK
DistanceOrColor,BLACK270,2700,BLACK
DistanceOrColor,BLACK271,2710,BLACK
DistanceOrColor,BLACK272,2720,BLACK
DistanceOrColor,BLACK273,2730,BLACK
DistanceOrColor,BLACK274,2740,BLACK
DistanceOrColor,BLACK275,2750,BLACK
DistanceOrColor,BLACK276,2760,BLACK
DistanceOrColor,BLACK277,2770,BLACK
DistanceOrColor,BLACK278,2780,BLACK
DistanceOrColor,BLACK279,2790,BLACK
DistanceOrColor,BLACK280,2800,BLACK
DistanceOrColor,BLACK281,2810,BLACK
DistanceOrColor,BLACK282,2820,BLACK
DistanceOrColor,BLACK283,2830,BLACK
DistanceOrColor,BLACK284,2840,BLACK
DistanceOrColor,BLACK285,2850,BLACK
DistanceOrColor,BLACK286,2860,BLACK
DistanceOrColor,BLACK287,2870,BLACK
DistanceOrColor,BLACK288,2880,BLACK
DistanceOrColor,BLACK289,2890,BLACK
DistanceOrColor,BLACK290,2900,BLACK
DistanceOrColor,BLACK291,2910,BLACK
DistanceOrColor,BLACK292,2920,BLACK
DistanceOrColor,BLACK293,2930,BLACK
DistanceOrColor,BLACK294,2940,BLACK
DistanceOrColor,BLACK295,2950,BLACK
DistanceOrColor,BLACK296,2960,BLACK
DistanceOrColor,BLACK297,2970,BLACK
DistanceOrColor,BLACK298,2980,BLACK
DistanceOrColor,BLACK299,2990,BLACK
DistanceOrColor,BLACK300,3000,BLACK
DistanceOrColor,BLACK301,3010,BLACK
DistanceOrColor,BLACK302,3020,BLACK
DistanceOrColor,BLACK303,3030,BLACK
DistanceOrColor,BLACK304,3040,BLACK
DistanceOrColor,BLACK305,3050,BLACK
DistanceOrColor,BLACK306,3060,BLACK
DistanceOrColor,BLACK307,3070,BLACK
DistanceOrColor,BLACK308,3080,BLACK
DistanceOrColor,BLACK309,3090,BLACK
DistanceOrColor,BLACK310,3100,BLACK
DistanceOrColor,BLACK311,3110,BLACK
DistanceOrColor,BLACK312,3120,BLACK
DistanceOrColor,BLACK313,3130,BLACK
DistanceOrColor,BLACK314,3140,BLACK
DistanceOrColor,BLACK315,3150,BLACK
DistanceOrColor,BLACK316,3160,BLACK
DistanceOrColor,BLACK317,3170,BLACK
DistanceOrColor,BLACK318,3180,BLACK
DistanceOrColor,BLACK319,3190,BLACK
DistanceOrColor,BLACK320,3200,BLACK
DistanceOrColor,BLACK321,3210,BLACK
DistanceOrColor,BLACK322,3220,BLACK
DistanceOrColor,BLACK323,3230,BLACK
DistanceOrColor,BLACK324,3240,BLACK
DistanceOrColor,BLACK325,3250,BLACK
DistanceOrColor,BLACK326,3260,BLACK
DistanceOrColor,BLACK327,3270,BLACK
DistanceOrColor,BLACK328,3280,BLACK
DistanceOrColor,BLACK329,3290,BLACK
DistanceOrColor,BLACK330,3300,BLACK
DistanceOrColor,BLACK331,3310,BLACK
DistanceOrColor,BLACK332,3320,BLACK
DistanceOrColor,BLACK333,3330,BLACK
DistanceOrColor,BLACK334,3340,BLACK
DistanceOrColor,BLACK335,3350,BLACK
DistanceOrColor,BLACK336,3360,BLACK
DistanceOrColor,BLACK337,3370,BLACK
DistanceOrColor,BLACK338,3380,BLACK
DistanceOrColor,BLACK339,3390,BLACK
DistanceOrColor,BLACK340,3400,BLACK
DistanceOrColor,BLACK341,3410,BLACK
DistanceOrColor,BLACK342,3420,BLACK
DistanceOrColor,BLACK343,3430,BLACK
DistanceOrColor,BLACK344,3440,BLACK
DistanceOrColor,BLACK345,3450,BLACK
DistanceOrColor,BLACK346,3460,BLACK
DistanceOrColor,BLACK347,3470,BLACK
DistanceOrColor,BLACK348,3480,BLACK
DistanceOrColor,BLACK349,3490,BLACK
DistanceOrColor,BLACK350,3500,BLACK
DistanceOrColor,BLACK351,3510,BLACK
DistanceOrColor,BLACK352,3520,BLACK
DistanceOrColor,BLACK353,3530,BLACK
DistanceOrColor,BLACK354,3540,BLACK
DistanceOrColor,BLACK355,3550,BLACK
DistanceOrColor,BLACK356,3560,BLACK
DistanceOrColor,BLACK357,3570,BLACK
DistanceOrColor,BLACK358,3580,BLACK
DistanceOrColor,BLACK359,3590,BLACK
DistanceOrColor,BLACK360,3600,BLACK
DistanceOrColor,BLACK361,3610,BLACK
DistanceOrColor,BLACK362,3620,BLACK
DistanceOrColor,BLACK363,3630,BLACK
DistanceOrColor,BLACK364,3640,BLACK
DistanceOrColor,BLACK365,3650,BLACK
DistanceOrColor,BLACK366,3660,BLACK
DistanceOrColor,BLACK367,3670,BLACK
DistanceOrColor,BLACK368,3680,BLACK
DistanceOrColor,BLACK369,3690,BLACK
DistanceOrColor,BLACK370,3700,BLACK
DistanceOrColor,BLACK371,3710,BLACK
DistanceOrColor,BLACK372,3720,BLACK
DistanceOrColor,BLACK373,3730,BLACK
DistanceOrColor,BLACK374,3740,BLACK
DistanceOrColor,BLACK375,3750,BLACK
DistanceOrColor,BLACK376,3760,BLACK
DistanceOrColor,BLACK377,3770,BLACK
DistanceOrColor,BLACK378,3780,BLACK
DistanceOrColor,BLACK379,3790,BLACK
DistanceOrColor,BLACK380,3800,BLACK
DistanceOrColor,BLACK381,3810,BLACK
DistanceOrColor,BLACK382,3820,BLACK
DistanceOrColor,BLACK383,3830,BLACK
DistanceOrColor,BLACK384,3840,BLACK
DistanceOrColor,BLACK385,3850,BLACK
DistanceOrColor,BLACK386,3860,BLACK
DistanceOrColor,BLACK387,3870,BLACK
DistanceOrColor,BLACK388,3880,BLACK
DistanceOrColor,BLACK389,3890,BLACK
DistanceOrColor,BLACK390,3900,BLACK
DistanceOrColor,BLACK391,3910,BLACK
DistanceOrColor,BLACK392,3920,BLACK
DistanceOrColor,BLACK393,3930,BLACK
DistanceOrColor,BLACK394,3940,BLACK
DistanceOrColor,BLACK395,3950,BLACK
DistanceOrColor,BLACK396,3960,BLACK
DistanceOrColor,BLACK397,3970,BLACK
DistanceOrColor,BLACK398,3980,BLACK
DistanceOrColor,BLACK399,3990,BLACK
DistanceOrColor,BLACK400,4000,BLACK
DistanceOrColor,BLACK401,4010,BLACK
DistanceOrColor,BLACK402,4020,BLACK
DistanceOrColor,BLACK403,4030,BLACK
DistanceOrColor,BLACK404,4040,BLACK
DistanceOrColor,BLACK405,4050,BLACK
DistanceOrColor,BLACK406,4060,BLACK
DistanceOrColor,BLACK407,4070,BLACK
DistanceOrColor,BLACK408,4080,BLACK
DistanceOrColor,BLACK409,4090,BLACK
DistanceOrColor,BLACK410,4100,BLACK
DistanceOrColor,BLACK411,4110,BLACK
DistanceOrColor,BLACK412,4120,BLACK
DistanceOrColor,BLACK413,4130,BLACK
DistanceOrColor,BLACK414,4140,BLACK
DistanceOrColor,BLACK415,4150,BLACK
DistanceOrColor,BLACK416,4160,BLACK
DistanceOrColor,BLACK417,4170,BLACK
DistanceOrColor,BLACK418,4180,BLACK
DistanceOrColor,BLACK419,4190,BLACK
DistanceOrColor,BLACK420,4200,BLACK
DistanceOrColor,BLACK421,4210,BLACK
DistanceOrColor,BLACK422,4220,BLACK
DistanceOrColor,BLACK423,4230,BLACK
DistanceOrColor,BLACK424,4240,BLACK
DistanceOrColor,BLACK425,4250,BLACK
DistanceOrColor,BLACK426,4260,BLACK
DistanceOrColor,BLACK427,4270,BLACK
DistanceOrColor,BLACK428,4280,BLACK
DistanceOrColor,BLACK429,4290,BLACK
DistanceOrColor,BLACK430,4300,BLACK
DistanceOrColor,BLACK431,4310,BLACK
DistanceOrColor,BLACK432,4320,BLACK
DistanceOrColor,BLACK433,4330,BLACK
DistanceOrColor,BLACK434,4340,BLACK
DistanceOrColor,BLACK435,4350,BLACK
DistanceOrColor,BLACK436,4360,BLACK
DistanceOrColor,BLACK437,4370,BLACK
DistanceOrColor,BLACK438,4380,BLACK
DistanceOrColor,BLACK439,4390,BLACK
DistanceOrColor,BLACK440,4400,BLACK
DistanceOrColor,BLACK441,4410,BLACK
DistanceOrColor,BLACK442,4420,BLACK
DistanceOrColor,BLACK443,4430,BLACK
DistanceOrColor,BLACK444,4440,BLACK
DistanceOrColor,BLACK445,4450,BLACK
DistanceOrColor,BLACK446,4460,BLACK
DistanceOrColor,BLACK447,4470,BLACK
DistanceOrColor,BLACK448,4480,BLACK
DistanceOrColor,BLACK449,4490,BLACK
DistanceOrColor,BLACK450,4500,BLACK
DistanceOrColor,BLACK451,4510,BLACK
DistanceOrColor,BLACK452,4520,BLACK
DistanceOrColor,BLACK453,4530,BLACK
DistanceOrColor,BLACK454,4540,BLACK
DistanceOrColor,BLACK455,4550,BLACK
DistanceOrColor,BLACK456,4560,BLACK
DistanceOrColor,BLACK457,4570,BLACK
DistanceOrColor,BLACK458,4580,BLACK
DistanceOrColor,BLACK459,4590,BLACK
DistanceOrColor,BLACK460,4600,BLACK
DistanceOrColor,BLACK461,4610,BLACK
DistanceOrColor,BLACK462,4620,BLACK
DistanceOrColor,BLACK463,4630,BLACK
DistanceOrColor,BLACK464,4640,BLACK
DistanceOrColor,BLACK465,4650,BLACK
DistanceOrColor,BLACK466,4660,BLACK
DistanceOrColor,BLACK467,4670,BLACK
DistanceOrColor,BLACK468,4680,BLACK
DistanceOrColor,BLACK469,4690,BLACK
DistanceOrColor,BLACK470,4700,BLACK
DistanceOrColor,BLACK471,4710,BLACK
DistanceOrColor,BLACK472,4720,BLACK
DistanceOrColor,BLACK473,4730,BLACK
DistanceOrColor,BLACK474,4740,BLACK
DistanceOrColor,BLACK475,4750,BLACK
DistanceOrColor,BLACK476,4760,BLACK
DistanceOrColor,BLACK477,4770,BLACK
DistanceOrColor,BLACK478,4780,BLACK
DistanceOrColor,BLACK479,4790,BLACK
DistanceOrColor,BLACK480,4800,BLACK
DistanceOrColor,BLACK481,4810,BLACK
DistanceOrColor,BLACK482,4820,BLACK
DistanceOrColor,BLACK483,4830,BLACK
DistanceOrColor,BLACK484,4840,BLACK
DistanceOrColor,BLACK485,4850,BLACK
DistanceOrColor,BLACK486,4860,BLACK
DistanceOrColor,BLACK487,4870,BLACK
DistanceOrColor,BLACK488,4880,BLACK
DistanceOrColor,BLACK489,4890,BLACK
DistanceOrColor,BLACK490,4900,BLACK
DistanceOrColor,BLACK491,4910,BLACK
DistanceOrColor,BLACK492,4920,BLACK
DistanceOrColor,BLACK493,4930,BLACK
DistanceOrColor,BLACK494,4940,BLACK
DistanceOrColor,BLACK495,4950,BLACK
DistanceOrColor,BLACK496,4960,BLACK
DistanceOrColor,BLACK497,4970,BLACK
DistanceOrColor,BLACK498,4980,BLACK
DistanceOrColor,BLACK499,4990,BLACK
DistanceOrColor,BLACK500,5000,BLACK
DistanceOrColor,BLACK501,5010,BLACK
DistanceOrColor,BLACK502,5020,BLACK
DistanceOrColor,BLACK503,5030,BLACK
DistanceOrColor,BLACK504,5040,BLACK
DistanceOrColor,BLACK505,5050,BLACK
DistanceOrColor,BLACK506,5060,BLACK
DistanceOrColor,BLACK507,5070,BLACK
DistanceOrColor,BLACK508,5080,BLACK
DistanceOrColor,BLACK509,5090,BLACK
DistanceOrColor,BLACK510,5100,BLACK
DistanceOrColor,BLACK511,5110,BLACK
DistanceOrColor,BLACK512,5120,BLACK
DistanceOrColor,BLACK513,5130,BLACK
DistanceOrColor,BLACK514,5140,BLACK
DistanceOrColor,BLACK515,5150,BLACK
DistanceOrColor,BLACK516,5160,BLACK
DistanceOrColor,BLACK517,5170,BLACK
DistanceOrColor,BLACK518,5180,BLACK
DistanceOrColor,BLACK519,5190,BLACK
DistanceOrColor,BLACK520,5200,BLACK
DistanceOrColor,BLACK521,5210,BLACK
DistanceOrColor,BLACK522,5220,BLACK
DistanceOrColor,BLACK523,5230,BLACK
DistanceOrColor,BLACK524,5240,BLACK
DistanceOrColor,BLACK525,5250,BLACK
DistanceOrColor,BLACK526,5260,BLACK
DistanceOrColor,BLACK527,5270,BLACK
DistanceOrColor,BLACK528,5280,BLACK
DistanceOrColor,BLACK529,5290,BLACK
DistanceOrColor,BLACK530,5300,BLACK
DistanceOrColor,BLACK531,5310,BLACK
DistanceOrColor,BLACK532,5320,BLACK
DistanceOrColor,BLACK533,5330,BLACK
DistanceOrColor,BLACK534,5340,BLACK
DistanceOrColor,BLACK535,5350,BLACK
DistanceOrColor,BLACK536,5360,BLACK
DistanceOrColor,BLACK537,5370,BLACK
DistanceOrColor,BLACK538,5380,BLACK
DistanceOrColor,BLACK539,5390,BLACK
DistanceOrColor,BLACK540,5400,BLACK
DistanceOrColor,BLACK541,5410,BLACK
DistanceOrColor,BLACK542,5420,BLACK
DistanceOrColor,BLACK543,5430,BLACK
DistanceOrColor,BLACK544,5440,BLACK
DistanceOrColor,BLACK545,5450,BLACK
DistanceOrColor,BLACK546,5460,BLACK
DistanceOrColor,BLACK547,5470,BLACK
DistanceOrColor,BLACK548,5480,BLACK
DistanceOrColor,BLACK549,5490,BLACK
DistanceOrColor,BLACK550,5500,BLACK
DistanceOrColor,BLACK551,5510,BLACK
DistanceOrColor,BLACK552,5520,BLACK
DistanceOrColor,BLACK553,5530,BLACK
DistanceOrColor,BLACK554,5540,BLACK
DistanceOrColor,BLACK555,5550,BLACK
DistanceOrColor,BLACK556,5560,BLACK
DistanceOrColor,BLACK557,5570,BLACK
DistanceOrColor,BLACK558,5580,BLACK
DistanceOrColor,BLACK559,5590,BLACK
DistanceOrColor,BLACK560,5600,BLACK
DistanceOrColor,BLACK561,5610,BLACK
DistanceOrColor,BLACK562,5620,BLACK
DistanceOrColor,BLACK563,5630,BLACK
DistanceOrColor,BLACK564,5640,BLACK
DistanceOrColor,BLACK565,5650,BLACK
DistanceOrColor,BLACK566,5660,BLACK
DistanceOrColor,BLACK567,5670,BLACK
DistanceOrColor,BLACK568,5680,BLACK
DistanceOrColor,BLACK569,5690,BLACK
DistanceOrColor,BLACK570,5700,BLACK
DistanceOrColor,BLACK571,5710,BLACK
DistanceOrColor,BLACK572,5720,BLACK
DistanceOrColor,BLACK573,5730,BLACK
DistanceOrColor,BLACK574,5740,BLACK
DistanceOrColor,BLACK575,5750,BLACK
DistanceOrColor,BLACK576,5760,BLACK
DistanceOrColor,BLACK577,5770,BLACK
DistanceOrColor,BLACK578,5780,BLACK
DistanceOrColor,BLACK579,5790,BLACK
DistanceOrColor,BLACK580,5800,BLACK
DistanceOrColor,BLACK581,5810,BLACK
DistanceOrColor,BLACK582,5820,BLACK
DistanceOrColor,BLACK583,5830,BLACK
DistanceOrColor,BLACK584,5840,BLACK
DistanceOrColor,BLACK585,5850,BLACK
DistanceOrColor,BLACK586,5860,BLACK
DistanceOrColor,BLACK587,5870,BLACK
DistanceOrColor,BLACK588,5880,BLACK
DistanceOrColor,BLACK589,5890,BLACK
DistanceOrColor,BLACK590,5900,BLACK
DistanceOrColor,BLACK591,5910,BLACK
DistanceOrColor,BLACK592,5920,BLACK
DistanceOrColor,BLACK593,5930,BLACK
DistanceOrColor,BLACK594,5940,BLACK
DistanceOrColor,BLACK595,5950,BLACK
DistanceOrColor,BLACK596,5960,BLACK
DistanceOrColor,BLACK597,5970,BLACK
DistanceOrColor,BLACK598,5980,BLACK
DistanceOrColor,BLACK599,5990,BLACK
DistanceOrColor,BLACK600,6000,BLACK
DistanceOrColor,BLACK601,6010,BLACK
DistanceOrColor,BLACK602,6020,BLACK
DistanceOrColor,BLACK603,6030,BLACK
DistanceOrColor,BLACK604,6040,BLACK
DistanceOrColor,BLACK605,6050,BLACK
DistanceOrColor,BLACK606,6060,BLACK
DistanceOrColor,BLACK607,6070,BLACK
DistanceOrColor,BLACK608,6080,BLACK
DistanceOrColor,BLACK609,6090,BLACK
DistanceOrColor,BLACK610,6100,BLACK
DistanceOrColor,BLACK611,6110,BLACK
DistanceOrColor,BLACK612,6120,BLACK
DistanceOrColor,BLACK613,6130,BLACK
DistanceOrColor,BLACK614,6140,BLACK
DistanceOrColor,BLACK615,6150,BLACK
DistanceOrColor,BLACK616,6160,BLACK
DistanceOrColor,BLACK617,6170,BLACK
DistanceOrColor,BLACK618,6180,BLACK
DistanceOrColor,BLACK619,6190,BLACK
DistanceOrColor,BLACK620,6200,BLACK
DistanceOrColor,BLACK621,6210,BLACK
DistanceOrColor,BLACK622,6220,BLACK
DistanceOrColor,BLACK623,6230,BLACK
DistanceOrColor,BLACK624,6240,BLACK
DistanceOrColor,BLACK625,6250,BLACK
DistanceOrColor,BLACK626,6260,BLACK
DistanceOrColor,BLACK627,6270,BLACK
DistanceOrColor,BLACK628,6280,BLACK
DistanceOrColor,BLACK629,6290,BLACK
DistanceOrColor,BLACK630,6300,BLACK
DistanceOrColor,BLACK631,6310,BLACK
DistanceOrColor,BLACK632,6320,BLACK
DistanceOrColor,BLACK633,6330,BLACK
DistanceOrColor,BLACK634,6340,BLACK
DistanceOrColor,BLACK635,6350,BLACK
DistanceOrColor,BLACK636,6360,BLACK
DistanceOrColor,BLACK637,6370,BLACK
DistanceOrColor,BLACK638,6380,BLACK
DistanceOrColor,BLACK639,6390,BLACK
DistanceOrColor,BLACK640,6400,BLACK
DistanceOrColor,BLACK641,6410,BLACK
DistanceOrColor,BLACK642,6420,BLACK
DistanceOrColor,BLACK643,6430,BLACK
DistanceOrColor,BLACK644,6440,BLACK
DistanceOrColor,BLACK645,6450,BLACK
DistanceOrColor,BLACK646,6460,BLACK
DistanceOrColor,BLACK647,6470,BLACK
DistanceOrColor,BLACK648,6480,BLACK
DistanceOrColor,BLACK649,6490,BLACK
DistanceOrColor,BLACK650,6500,BLACK
DistanceOrColor,BLACK651,6510,BLACK
DistanceOrColor,BLACK652,6520,BLACK
DistanceOrColor,BLACK653,6530,BLACK
DistanceOrColor,BLACK654,6540,BLACK
DistanceOrColor,BLACK655,6550,BLACK
DistanceOrColor,BLACK656,6560,BLACK
DistanceOrColor,BLACK657,6570,BLACK
DistanceOrColor,BLACK658,6580,BLACK
DistanceOrColor,BLACK659,6590,BLACK
DistanceOrColor,BLACK660,6600,BLACK
DistanceOrColor,BLACK661,6610,BLACK
DistanceOrColor,BLACK662,6620,BLACK
DistanceOrColor,BLACK663,6630,BLACK
DistanceOrColor,BLACK664,6640,BLACK
DistanceOrColor,BLACK665,6650,BLACK
DistanceOrColor,BLACK666,6660,BLACK
DistanceOrColor,BLACK667,6670,BLACK
DistanceOrColor,BLACK668,6680,BLACK
DistanceOrColor,BLACK669,6690,BLACK
DistanceOrColor,BLACK670,6700,BLACK
DistanceOrColor,BLACK671,6710,BLACK
DistanceOrColor,BLACK672,6720,BLACK
DistanceOrColor,BLACK673,6730,BLACK
DistanceOrColor,BLACK674,6740,BLACK
DistanceOrColor,BLACK675,6750,BLACK
DistanceOrColor,BLACK676,6760,BLACK
DistanceOrColor,BLACK677,6770,BLACK
DistanceOrColor,BLACK678,6780,BLACK
DistanceOrColor,BLACK679,6790,BLACK
DistanceOrColor,BLACK680,6800,BLACK
DistanceOrColor,BLACK681,6810,BLACK
DistanceOrColor,BLACK682,6820,BLACK
DistanceOrColor,BLACK683,6830,BLACK
DistanceOrColor,BLACK684,6840,BLACK
DistanceOrColor,BLACK685,6850,BLACK
DistanceOrColor,BLACK686,6860,BLACK
DistanceOrColor,BLACK687,6870,BLACK
DistanceOrColor,BLACK688,6880,BLACK
DistanceOrColor,BLACK689,6890,BLACK
DistanceOrColor,BLACK690,6900,BLACK
DistanceOrColor,BLACK691,6910,BLACK
DistanceOrColor,BLACK692,6920,BLACK
DistanceOrColor,BLACK693,6930,BLACK
DistanceOrColor,BLACK694,6940,BLACK
DistanceOrColor,BLACK695,6950,BLACK
DistanceOrColor,BLACK696,6960,BLACK
DistanceOrColor,BLACK697,6970,BLACK
DistanceOrColor,BLACK698,6980,BLACK
DistanceOrColor,BLACK699,6990,BLACK
DistanceOrColor,BLACK700,7000,BLACK
DistanceOrColor,BLACK701,7010,BLACK
DistanceOrColor,BLACK702,7020,BLACK
DistanceOrColor,BLACK703,7030,BLACK
DistanceOrColor,BLACK704,7040,BLACK
DistanceOrColor,BLACK705,7050,BLACK
DistanceOrColor,BLACK706,7060,BLACK
DistanceOrColor,BLACK707,7070,BLACK
DistanceOrColor,BLACK708,7080,BLACK
DistanceOrColor,BLACK709,7090,BLACK
DistanceOrColor,BLACK710,7100,BLACK
DistanceOrColor,BLACK711,7110,BLACK
DistanceOrColor,BLACK712,7120,BLACK
DistanceOrColor,BLACK713,7130,BLACK
DistanceOrColor,BLACK714,7140,BLACK
DistanceOrColor,BLACK715,7150,BLACK
DistanceOrColor,BLACK716,7160,BLACK
DistanceOrColor,BLACK717,7170,BLACK
DistanceOrColor,BLACK718,7180,BLACK
DistanceOrColor,BLACK719,7190,BLACK
DistanceOrColor,BLACK720,7200,BLACK
DistanceOrColor,BLACK721,7210,BLACK
DistanceOrColor,BLACK722,7220,BLACK
DistanceOrColor,BLACK723,7230,BLACK
DistanceOrColor,BLACK724,7240,BLACK
DistanceOrColor,BLACK725,7250,BLACK
DistanceOrColor,BLACK726,7260,BLACK
DistanceOrColor,BLACK727,7270,BLACK
DistanceOrColor,BLACK728,7280,BLACK
DistanceOrColor,BLACK729,7290,BLACK
DistanceOrColor,BLACK730,7300,BLACK
DistanceOrColor,BLACK731,7310,BLACK
DistanceOrColor,BLACK732,7320,BLACK
DistanceOrColor,BLACK733,7330,BLACK
DistanceOrColor,BLACK734,7340,BLACK
DistanceOrColor,BLACK735,7350,BLACK
DistanceOrColor,BLACK736,7360,BLACK
DistanceOrColor,BLACK737,7370,BLACK
DistanceOrColor,BLACK738,7380,BLACK
DistanceOrColor,BLACK739,7390,BLACK
DistanceOrColor,BLACK740,7400,BLACK
DistanceOrColor,BLACK741,7410,BLACK
DistanceOrColor,BLACK742,7420,BLACK
DistanceOrColor,BLACK743,7430,BLACK
DistanceOrColor,BLACK744,7440,BLACK
DistanceOrColor,BLACK745,7450,BLACK
DistanceOrColor,BLACK746,7460,BLACK
DistanceOrColor,BLACK747,7470,BLACK
DistanceOrColor,BLACK748,7480,BLACK
DistanceOrColor,BLACK749,7490,BLACK
DistanceOrColor,BLACK750,7500,BLACK
DistanceOrColor,BLACK751,7510,BLACK
DistanceOrColor,BLACK752,7520,BLACK
DistanceOrColor,BLACK753,7530,BLACK
DistanceOrColor,BLACK754,7540,BLACK
DistanceOrColor,BLACK755,7550,BLACK
DistanceOrColor,BLACK756,7560,BLACK
DistanceOrColor,BLACK757,7570,BLACK
DistanceOrColor,BLACK758,7580,BLACK
DistanceOrColor,BLACK759,7590,BLACK
DistanceOrColor,BLACK760,7600,BLACK
DistanceOrColor,BLACK761,7610,BLACK
DistanceOrColor,BLACK762,7620,BLACK
DistanceOrColor,BLACK763,7630,BLACK
DistanceOrColor,BLACK764,7640,BLACK
DistanceOrColor,BLACK765,7650,BLACK
DistanceOrColor,BLACK766,7660,BLACK
DistanceOrColor,BLACK767,7670,BLACK
DistanceOrColor,BLACK768,7680,BLACK
DistanceOrColor,BLACK769,7690,BLACK
DistanceOrColor,BLACK770,7700,BLACK
DistanceOrColor,BLACK771,7710,BLACK
DistanceOrColor,BLACK772,7720,BLACK
DistanceOrColor,BLACK773,7730,BLACK
DistanceOrColor,BLACK774,7740,BLACK
DistanceOrColor,BLACK775,7750,BLACK
DistanceOrColor,BLACK776,7760,BLACK
DistanceOrColor,BLACK777,7770,BLACK
DistanceOrColor,BLACK778,7780,BLACK
DistanceOrColor,BLACK779,7790,BLACK
DistanceOrColor,BLACK780,7800,BLACK
DistanceOrColor,BLACK781,7810,BLACK
DistanceOrColor,BLACK782,7820,BLACK
DistanceOrColor,BLACK783,7830,BLACK
DistanceOrColor,BLACK784,7840,BLACK
DistanceOrColor,BLACK785,7850,BLACK
DistanceOrColor,BLACK786,7860,BLACK
DistanceOrColor,BLACK787,7870,BLACK
DistanceOrColor,BLACK788,7880,BLACK
DistanceOrColor,BLACK789,7890,BLACK
DistanceOrColor,BLACK790,7900,BLACK
DistanceOrColor,BLACK791,7910,BLACK
DistanceOrColor,BLACK792,7920,BLACK
DistanceOrColor,BLACK793,7930,BLACK
DistanceOrColor,BLACK794,7940,BLACK
DistanceOrColor,BLACK795,7950,BLACK
DistanceOrColor,BLACK796,7960,BLACK
DistanceOrColor,BLACK797,7970,BLACK
DistanceOrColor,BLACK798,7980,BLACK
DistanceOrColor,BLACK799,7990,BLACK
DistanceOrColor,BLACK800,8000,BLACK
DistanceOrColor,BLACK801,8010,BLACK
DistanceOrColor,BLACK802,8020,BLACK
DistanceOrColor,BLACK803,8030,BLACK
DistanceOrColor,BLACK804,8040,BLACK
DistanceOrColor,BLACK805,8050,BLACK
DistanceOrColor,BLACK806,8060,BLACK
DistanceOrColor,BLACK807,8070,BLACK
DistanceOrColor,BLACK808,8080,BLACK
DistanceOrColor,BLACK809,8090,BLACK
DistanceOrColor,BLACK810,8100,BLACK
DistanceOrColor,BLACK811,8110,BLACK
DistanceOrColor,BLACK812,8120,BLACK
DistanceOrColor,BLACK813,8130,BLACK
DistanceOrColor,BLACK814,8140,BLACK
DistanceOrColor,BLACK815,8150,BLACK
DistanceOrColor,BLACK816,8160,BLACK
DistanceOrColor,BLACK817,8170,BLACK
DistanceOrColor,BLACK818,8180,BLACK
DistanceOrColor,BLACK819,8190,BLACK
DistanceOrColor,BLACK820,8200,BLACK
DistanceOrColor,BLACK821,8210,BLACK
DistanceOrColor,BLACK822,8220,BLACK
DistanceOrColor,BLACK823,8230,BLACK
DistanceOrColor,BLACK824,8240,BLACK
DistanceOrColor,BLACK825,8250,BLACK
DistanceOrColor,BLACK826,8260,BLACK
DistanceOrColor,BLACK827,8270,BLACK
DistanceOrColor,BLACK828,8280,BLACK
DistanceOrColor,BLACK829,8290,BLACK
DistanceOrColor,BLACK830,8300,BLACK
DistanceOrColor,BLACK831,8310,BLACK
DistanceOrColor,BLACK832,8320,BLACK
DistanceOrColor,BLACK833,8330,BLACK
DistanceOrColor,BLACK834,8340,BLACK
DistanceOrColor,BLACK835,8350,BLACK
DistanceOrColor,BLACK836,8360,BLACK
DistanceOrColor,BLACK837,8370,BLACK
DistanceOrColor,BLACK838,8380,BLACK
DistanceOrColor,BLACK839,8390,BLACK
DistanceOrColor,BLACK840,8400,BLACK
DistanceOrColor,BLACK841,8410,BLACK
DistanceOrColor,BLACK842,8420,BLACK
DistanceOrColor,BLACK843,8430,BLACK
DistanceOrColor,BLACK844,8440,BLACK
DistanceOrColor,BLACK845,8450,BLACK
DistanceOrColor,BLACK846,8460,BLACK
DistanceOrColor,BLACK847,8470,BLACK
DistanceOrColor,BLACK848,8480,BLACK
DistanceOrColor,BLACK849,8490,BLACK
DistanceOrColor,BLACK850,8500,BLACK
DistanceOrColor,BLACK851,8510,BLACK
DistanceOrColor,BLACK852,8520,BLACK
DistanceOrColor,BLACK853,8530,BLACK
DistanceOrColor,BLACK854,8540,BLACK
DistanceOrColor,BLACK855,8550,BLACK
DistanceOrColor,BLACK856,8560,BLACK
DistanceOrColor,BLACK857,8570,BLACK
DistanceOrColor,BLACK858,8580,BLACK
DistanceOrColor,BLACK859,8590,BLACK
DistanceOrColor,BLACK860,8600,BLACK
DistanceOrColor,BLACK861,8610,BLACK
DistanceOrColor,BLACK862,8620,BLACK
DistanceOrColor,BLACK863,8630,BLACK
DistanceOrColor,BLACK864,8640,BLACK
DistanceOrColor,BLACK865,8650,BLACK
DistanceOrColor,BLACK866,8660,BLACK
DistanceOrColor,BLACK867,8670,BLACK
DistanceOrColor,BLACK868,8680,BLACK
DistanceOrColor,BLACK869,8690,BLACK
DistanceOrColor,BLACK870,8700,BLACK
DistanceOrColor,BLACK871,8710,BLACK
DistanceOrColor,BLACK872,8720,BLACK
DistanceOrColor,BLACK873,8730,BLACK
DistanceOrColor,BLACK874,8740,BLACK
DistanceOrColor,BLACK875,8750,BLACK
DistanceOrColor,BLACK876,8760,BLACK
DistanceOrColor,BLACK877,8770,BLACK
DistanceOrColor,BLACK878,8780,BLACK
DistanceOrColor,BLACK879,8790,BLACK
DistanceOrColor,BLACK880,8800,BLACK
DistanceOrColor,BLACK881,8810,BLACK
DistanceOrColor,BLACK882,8820,BLACK
DistanceOrColor,BLACK883,8830,BLACK
DistanceOrColor,BLACK884,8840,BLACK
DistanceOrColor,BLACK885,8850,BLACK
DistanceOrColor,BLACK886,8860,BLACK
DistanceOrColor,BLACK887,8870,BLACK
DistanceOrColor,BLACK888,8880,BLACK
DistanceOrColor,BLACK889,8890,BLACK
DistanceOrColor,BLACK890,8900,BLACK
DistanceOrColor,BLACK891,8910,BLACK
DistanceOrColor,BLACK892,8920,BLACK
DistanceOrColor,BLACK893,8930,BLACK
DistanceOrColor,BLACK894,8940,BLACK
DistanceOrColor,BLACK895,8950,BLACK
DistanceOrColor,BLACK896,8960,BLACK
DistanceOrColor,BLACK897,8970,BLACK
DistanceOrColor,BLACK898,8980,BLACK
DistanceOrColor,BLACK899,8990,BLACK
DistanceOrColor,BLACK900,9000,BLACK
DistanceOrColor,BLACK901,9010,BLACK
DistanceOrColor,BLACK902,9020,BLACK
DistanceOrColor,BLACK903,9030,BLACK
DistanceOrColor,BLACK904,9040,BLACK
DistanceOrColor,BLACK905,9050,BLACK
DistanceOrColor,BLACK906,9060,BLACK
DistanceOrColor,BLACK907,9070,BLACK
DistanceOrColor,BLACK908,9080,BLACK
DistanceOrColor,BLACK909,9090,BLACK
DistanceOrColor,BLACK910,9100,BLACK
DistanceOrColor,BLACK911,9110,BLACK
DistanceOrColor,BLACK912,9120,BLACK
DistanceOrColor,BLACK913,9130,BLACK
DistanceOrColor,BLACK914,9140,BLACK
DistanceOrColor,BLACK915,9150,BLACK
DistanceOrColor,BLACK916,9160,BLACK
DistanceOrColor,BLACK917,9170,BLACK
DistanceOrColor,BLACK918,9180,BLACK
DistanceOrColor,BLACK919,9190,BLACK
DistanceOrColor,BLACK920,9200,BLACK
DistanceOrColor,BLACK921,9210,BLACK
DistanceOrColor,BLACK922,9220,BLACK
DistanceOrColor,BLACK923,9230,BLACK
DistanceOrColor,BLACK924,9240,BLACK
DistanceOrColor,BLACK925,9250,BLACK
DistanceOrColor,BLACK926,9260,BLACK
DistanceOrColor,BLACK927,9270,BLACK
DistanceOrColor,BLACK928,9280,BLACK
DistanceOrColor,BLACK929,9290,BLACK
DistanceOrColor,BLACK930,9300,BLACK
DistanceOrColor,BLACK931,9310,BLACK
DistanceOrColor,BLACK932,9320,BLACK
DistanceOrColor,BLACK933,9330,BLACK
DistanceOrColor,BLACK934,9340,BLACK
DistanceOrColor,BLACK935,9350,BLACK
DistanceOrColor,BLACK936,9360,BLACK
DistanceOrColor,BLACK937,9370,BLACK
DistanceOrColor,BLACK938,9380,BLACK
DistanceOrColor,BLACK939,9390,BLACK
DistanceOrColor,BLACK940,9400,BLACK
DistanceOrColor,BLACK941,9410,BLACK
DistanceOrColor,BLACK942,9420,BLACK
DistanceOrColor,BLACK943,9430,BLACK
DistanceOrColor,BLACK944,9440,BLACK
DistanceOrColor,BLACK945,9450,BLACK
DistanceOrColor,BLACK946,9460,BLACK
DistanceOrColor,BLACK947,9470,BLACK
DistanceOrColor,BLACK948,9480,BLACK
DistanceOrColor,BLACK949,9490,BLACK
DistanceOrColor,BLACK950,9500,BLACK
DistanceOrColor,BLACK951,9510,BLACK
DistanceOrColor,BLACK952,9520,BLACK
DistanceOrColor,BLACK953,9530,BLACK
DistanceOrColor,BLACK954,9540,BLACK
DistanceOrColor,BLACK955,9550,BLACK
DistanceOrColor,BLACK956,9560,BLACK
DistanceOrColor,BLACK957,9570,BLACK
DistanceOrColor,BLACK958,9580,BLACK
DistanceOrColor,BLACK959,9590,BLACK
DistanceOrColor,BLACK960,9600,BLACK
DistanceOrColor,BLACK961,9610,BLACK
DistanceOrColor,BLACK962,9620,BLACK
DistanceOrColor,BLACK963,9630,BLACK
DistanceOrColor,BLACK964,9640,BLACK
DistanceOrColor,BLACK965,9650,BLACK
DistanceOrColor,BLACK966,9660,BLACK
DistanceOrColor,BLACK967,9670,BLACK
DistanceOrColor,BLACK968,9680,BLACK
DistanceOrColor,BLACK969,9690,BLACK
DistanceOrColor,BLACK970,9700,BLACK
DistanceOrColor,BLACK971,9710,BLACK
DistanceOrColor,BLACK972,9720,BLACK
DistanceOrColor,BLACK973,9730,BLACK
DistanceOrColor,BLACK974,9740,BLACK
DistanceOrColor,BLACK975,9750,BLACK
DistanceOrColor,BLACK976,9760,BLACK
DistanceOrColor,BLACK977,9770,BLACK
DistanceOrColor,BLACK978,9780,BLACK
DistanceOrColor,BLACK979,9790,BLACK
DistanceOrColor,BLACK980,9800,BLACK
DistanceOrColor,BLACK981,9810,BLACK
DistanceOrColor,BLACK982,9820,BLACK
DistanceOrColor,BLACK983,9830,BLACK
DistanceOrColor,BLACK984,9840,BLACK
DistanceOrColor,BLACK985,9850,BLACK
DistanceOrColor,BLACK986,9860,BLACK
DistanceOrColor,BLACK987,9870,BLACK
DistanceOrColor,BLACK988,9880,BLACK
DistanceOrColor,BLACK989,9890,BLACK
DistanceOrColor,BLACK990,9900,BLACK
DistanceOrColor,BLACK991,9910,BLACK
DistanceOrColor,BLACK992,9920,BLACK
DistanceOrColor,BLACK993,9930,BLACK
DistanceOrColor,BLACK994,9940,BLACK
DistanceOrColor,BLACK995,9950,BLACK
DistanceOrColor,BLACK996,9960,BLACK
DistanceOrColor,BLACK997,9970,BLACK
DistanceOrColor,BLACK998,9980,BLACK
DistanceOrColor,BLACK999,9990,BLACK